model_name,Connected Car Technology,Internet Connectivity (Built-in SIM/eSIM),Wi-Fi Hotspot,OTA (Over-the-Air) Updates,Smartphone App Control,Remote Lock/Unlock,Remote Engine Start,Remote Climate Control,Remote Vehicle Tracking,Geofencing,Vehicle Health Monitoring,Live Vehicle Location,Digital Key,NFC Key,Bluetooth,Multiple Bluetooth Pairing,Touchscreen,Touchscreen Size,Android Auto,Wireless Android Auto,Apple CarPlay,Wireless Apple CarPlay,Built-in Navigation,Voice Assistant,Voice Commands,AI Assistant,Digital Instrument Cluster,Head-Up Display,Premium Sound System,Number of Speakers,Rear Entertainment Screen,Wireless Phone Charger,USB-A Ports,USB-C Ports,Fast Charging USB Ports,Rear USB Ports,12V Socket,220V Power Outlet,Automatic Climate Control,Dual-Zone Climate Control,Rear AC Vents,Ventilated Front Seats,Ventilated Rear Seats,Heated Seats,Powered Driver Seat,Powered Passenger Seat,Driver Seat Memory,Massage Seats,Leather Upholstery,Ambient Lighting,Keyless Entry,Push Button Start,Cruise Control,Adaptive Cruise Control,Auto Folding ORVMs,Auto Dimming IRVM,Rain Sensing Wipers,Automatic Headlamps,One Touch Power Windows,Powered Tailgate,Hands-Free Tailgate,Auto Hold,Electronic Parking Brake,Sunroof,Panoramic Sunroof,Alloy Wheels,Roof Rails,Shark Fin Antenna,Powered ORVMs,Rear Camera,360 Camera,Front Parking Sensors,Rear Parking Sensors,Digital Rear View Mirror,Vehicle-to-Load (V2L),Battery Preconditioning,Regenerative Braking Levels,One Pedal Driving,Charging Scheduler,Gesture Control,Tech Score,Infotainment Score,Convenience Score
Swift LXi,0,0,0,0,0,0,0,0,0,0,0,0,0,0,0,0,0,0,0,0,0,0,0,0,0,0,0,0,0,0,0,0,0,0,0,0,1,0,0,0,0,0,0,0,0,0,0,0,0,0,0,0,0,0,0,0,0,0,1,0,0,0,0,0,0,0,0,1,0,0,0,0,1,0,0,0,0,0,0,0,0,0,2
Swift VXi,0,0,0,0,0,0,0,0,0,0,0,0,0,0,1,0,1,7,1,0,1,0,0,0,0,0,0,0,0,4,0,0,1,0,0,0,1,0,0,0,0,0,0,0,0,0,0,0,0,0,0,0,0,0,0,0,0,0,1,0,0,0,0,0,0,0,0,1,1,0,0,0,1,0,0,0,0,0,0,0,1,14,2
Swift ZXi Plus,1,1,0,0,1,1,0,0,1,1,1,1,0,0,1,0,1,9,1,1,1,1,0,0,1,0,0,0,0,6,0,1,1,0,0,1,1,0,1,0,1,0,0,0,0,0,0,0,0,0,1,1,1,0,1,0,0,0,1,0,0,0,0,0,0,1,0,1,1,1,0,0,1,0,0,0,0,0,0,0,9,21,7
Creta E,0,0,0,0,0,0,0,0,0,0,0,0,0,0,1,0,1,8,1,0,1,0,0,0,0,0,0,0,0,4,0,0,1,0,0,0,1,0,0,0,1,0,0,0,0,0,0,0,0,0,0,0,0,0,0,0,0,0,1,0,0,0,0,0,0,1,0,1,1,0,0,0,1,0,0,0,0,0,0,0,1,15,2
Creta S,0,0,0,0,0,0,0,0,0,0,0,0,0,0,1,0,1,8,1,1,1,1,0,0,0,0,1,0,0,6,0,0,1,0,0,0,1,0,1,0,1,0,0,0,0,0,0,0,0,0,1,1,1,0,1,0,0,0,1,0,0,0,0,0,0,1,0,1,1,1,0,0,1,0,0,0,0,0,0,0,1,20,7
Creta SX,1,1,0,0,1,1,1,1,1,1,1,1,0,0,1,0,1,10.25,1,1,1,1,0,1,1,0,1,0,1,8,0,1,1,1,0,0,1,0,1,0,1,1,0,0,0,0,0,0,1,1,1,1,1,0,1,1,0,0,1,0,0,1,1,1,1,1,0,1,1,1,1,1,1,0,0,0,0,0,0,0,11,27.25,12
Seltos HTE,0,0,0,0,0,0,0,0,0,0,0,0,0,0,1,0,1,10.25,1,1,1,1,0,0,0,0,1,0,0,4,0,0,1,1,0,0,1,0,0,0,1,0,0,0,0,0,0,0,0,0,0,0,1,0,0,0,0,0,1,0,0,0,0,0,0,0,0,1,1,0,0,0,1,0,0,0,0,0,0,0,1,20.25,3
Seltos HTK,0,0,0,0,0,0,0,0,0,0,0,0,0,0,1,0,1,10.25,1,1,1,1,0,0,0,0,1,0,0,4,0,0,1,1,0,0,1,0,0,0,1,0,0,0,0,0,0,0,0,0,1,1,1,0,1,0,0,0,1,0,0,0,0,1,0,1,0,1,1,0,0,0,1,0,0,0,0,0,0,0,1,20.25,6
Seltos HTX,1,1,0,1,1,1,1,0,1,1,1,1,0,0,1,0,1,12.3,1,1,1,1,0,0,0,0,1,0,1,8,0,1,1,1,0,0,1,0,0,0,1,1,0,0,0,0,0,0,1,1,1,1,1,0,1,1,0,0,1,0,0,0,0,1,1,1,0,1,1,0,0,0,1,0,0,0,0,0,0,0,11,27.3,7
Virtus Comfortline,0,0,0,0,0,0,0,0,0,0,0,0,0,0,1,0,1,7,1,0,1,0,0,0,0,0,0,0,0,8,0,0,1,0,0,0,1,0,0,0,1,0,0,0,0,0,0,0,0,1,0,0,0,0,0,0,0,0,1,0,0,0,0,0,0,0,0,1,1,0,0,0,1,0,0,0,0,0,0,0,1,18,2
Virtus Highline,0,0,0,0,0,0,0,0,0,0,0,0,0,0,1,0,1,10,1,1,1,1,0,0,0,0,0,0,0,8,0,1,1,0,0,0,1,0,1,0,1,0,0,0,0,0,0,0,0,1,1,1,1,0,1,0,0,0,1,0,0,0,0,0,0,1,0,1,1,1,0,0,1,0,0,0,0,0,0,0,1,23,7
Virtus Topline,1,0,0,0,1,1,0,0,1,0,1,0,0,0,1,0,1,10,1,1,1,1,0,0,0,0,1,0,0,8,0,1,1,0,0,0,1,0,1,0,1,1,0,0,0,0,0,0,1,1,1,1,1,0,1,1,1,1,1,0,0,0,0,1,0,1,0,1,1,1,0,0,1,0,0,0,0,0,0,0,6,24,10
Slavia Classic,0,0,0,0,0,0,0,0,0,0,0,0,0,0,1,0,1,7,1,0,1,0,0,0,0,0,0,0,0,4,0,0,1,0,0,0,1,0,0,0,1,0,0,0,0,0,0,0,0,0,0,0,0,0,0,0,0,0,1,0,0,0,0,0,0,0,0,1,1,0,0,0,1,0,0,0,0,0,0,0,1,14,2
Slavia Signature,0,0,0,0,0,0,1,0,0,0,0,0,0,0,1,0,1,10,1,1,1,1,0,0,0,0,0,0,0,8,0,0,1,0,0,0,1,0,1,0,1,0,0,0,0,0,0,0,0,1,1,1,1,0,0,0,0,0,1,0,0,0,0,0,0,1,0,1,1,1,0,0,1,0,0,0,0,0,0,0,2,23,6
Slavia Prestige,0,0,0,0,0,0,1,0,0,0,0,0,0,0,1,0,1,10,1,1,1,1,0,0,0,0,1,0,0,8,0,1,1,0,0,0,1,0,1,0,1,1,0,0,0,0,0,0,1,1,1,1,1,0,1,1,1,1,1,0,0,0,0,1,0,1,0,1,1,1,0,0,1,0,0,0,0,0,0,0,2,24,10
City SV,0,0,0,0,0,0,0,0,0,0,0,0,0,0,1,0,1,8,1,0,1,0,0,0,0,0,0,0,0,4,0,0,1,0,0,0,1,0,1,0,1,0,0,0,0,0,0,0,0,0,0,0,0,0,0,0,0,0,1,0,0,0,0,0,0,1,0,1,1,0,0,0,1,0,0,0,0,0,0,0,1,15,2
City V,0,0,0,0,0,0,0,0,0,0,0,0,0,0,1,0,1,8,1,1,1,1,0,0,0,0,0,0,0,4,0,0,1,0,0,0,1,0,1,0,1,0,0,0,0,0,0,0,0,0,1,1,1,0,1,0,0,0,1,0,0,0,0,0,0,1,0,1,1,1,0,0,1,0,0,0,0,0,0,0,1,17,7
City VX,1,0,0,0,1,1,0,0,1,0,1,0,0,0,1,0,1,8,1,1,1,1,0,0,0,0,0,0,1,8,0,1,1,0,0,0,1,0,1,0,1,1,0,0,0,0,0,0,1,0,1,1,1,0,1,1,0,0,1,0,0,0,0,1,0,1,0,1,1,1,1,1,1,0,0,0,0,0,0,0,6,22,10
Hector Style,1,1,0,0,1,1,0,0,1,0,1,1,0,0,1,0,1,14,1,0,1,0,0,1,1,1,0,0,0,6,0,0,1,1,0,0,1,0,1,0,1,0,0,0,0,0,0,0,0,0,1,1,1,0,1,0,0,0,1,0,0,0,0,0,0,1,0,1,1,1,0,0,1,0,0,0,0,0,0,0,8,26,7
Hector Shine,1,1,0,0,1,1,0,0,1,0,1,1,0,0,1,0,1,14,1,1,1,1,0,1,1,1,0,0,0,6,0,1,1,1,0,0,1,0,1,0,1,1,0,0,0,0,0,0,1,1,1,1,1,0,1,0,0,0,1,0,0,0,0,1,0,1,0,1,1,1,1,1,1,0,0,0,0,0,0,0,8,28,9
Hector Sharp Pro,1,1,0,1,1,1,0,0,1,0,1,1,0,0,1,0,1,14,1,1,1,1,0,1,1,1,0,0,1,8,0,1,1,1,0,0,1,0,1,0,1,1,0,0,1,0,0,0,1,1,1,1,1,0,1,1,1,1,1,0,0,1,1,1,1,1,0,1,1,1,1,1,1,0,0,0,0,0,0,0,9,31,14
Tiago XE,0,0,0,0,0,0,0,0,0,0,0,0,0,0,1,0,0,0,0,0,0,0,0,0,0,0,0,0,0,2,0,0,1,0,0,0,1,0,0,0,0,0,0,0,0,0,0,0,0,0,0,0,0,0,0,0,0,0,1,0,0,0,0,0,0,0,0,0,1,0,0,0,1,0,0,0,0,0,0,0,1,2,2
Tiago XT,0,0,0,0,0,0,0,0,0,0,0,0,0,0,1,0,1,7,1,0,1,0,0,0,0,0,0,0,0,4,0,0,1,0,0,0,1,0,0,0,0,0,0,0,0,0,0,0,0,0,0,0,0,0,0,0,0,0,1,0,0,0,0,0,0,0,0,0,1,0,0,0,1,0,0,0,0,0,0,0,1,14,2
Tiago XZ Plus,1,0,0,0,1,1,0,0,1,0,0,0,0,0,1,0,1,7,1,0,1,0,0,0,0,0,0,0,0,4,0,0,1,0,0,0,1,0,1,0,0,0,0,0,0,0,0,0,0,0,1,1,0,0,0,0,0,0,1,0,0,0,0,0,0,1,0,0,1,1,0,0,1,0,0,0,0,0,0,0,5,14,5
Nexon Smart,0,0,0,0,0,0,0,0,0,0,0,0,0,0,1,0,0,0,0,0,0,0,0,0,0,0,1,0,0,4,0,0,1,0,0,0,1,0,1,0,1,0,0,0,0,0,0,0,0,0,0,0,0,0,0,0,0,0,1,0,0,0,0,0,0,1,0,0,1,0,0,0,1,0,0,0,0,0,0,0,1,5,2
Nexon Pure,1,0,0,0,1,1,0,0,1,0,0,0,0,0,1,0,1,10.25,1,1,1,1,0,0,0,0,1,0,0,6,0,0,1,0,0,0,1,0,1,0,1,0,0,0,0,0,0,0,0,0,1,1,1,0,0,0,0,0,1,0,0,0,0,0,0,1,0,0,1,1,0,0,1,0,0,0,0,0,0,0,5,22.25,6
Nexon Fearless,1,0,0,0,1,1,0,0,1,0,0,0,0,0,1,0,1,10.25,1,1,1,1,0,1,1,0,1,0,1,9,0,1,1,0,0,0,1,0,1,0,1,1,0,0,0,0,0,0,1,1,1,1,1,0,1,1,0,0,1,0,0,1,1,1,0,1,0,0,1,1,1,1,1,0,0,0,0,0,0,0,5,28.25,12
Baleno Sigma,0,0,0,0,0,0,0,0,0,0,0,0,0,0,0,0,0,0,0,0,0,0,0,0,0,0,0,0,0,0,0,0,0,0,0,0,1,0,1,0,0,0,0,0,0,0,0,0,0,0,0,0,0,0,0,0,0,0,1,0,0,0,0,0,0,0,0,0,0,0,0,0,0,0,0,0,0,0,0,0,0,0,1
Baleno Delta,0,0,0,0,0,0,0,0,0,0,0,0,0,0,1,0,1,9,1,1,1,1,0,0,0,0,0,0,0,4,0,0,1,0,0,0,1,0,1,0,0,0,0,0,0,0,0,0,0,0,1,1,0,0,0,0,0,0,1,0,0,0,0,0,0,1,0,0,1,1,0,0,0,0,0,0,0,0,0,0,1,18,4
Baleno Alpha,1,0,0,0,1,1,0,0,1,0,1,0,0,0,1,0,1,9,1,1,1,1,0,0,0,0,0,1,0,6,0,1,1,0,0,0,1,0,1,0,0,1,0,0,0,0,0,0,1,1,1,1,0,0,1,0,0,0,1,0,0,0,0,0,0,1,0,0,1,1,1,1,0,0,0,0,0,0,0,0,6,21,7
Brezza LXi,0,0,0,0,0,0,0,0,0,0,0,0,0,0,1,0,1,9,1,1,1,1,0,0,0,0,0,0,0,4,0,0,1,0,0,0,1,0,1,0,1,0,0,0,0,0,0,0,0,0,0,0,0,0,0,0,0,0,1,0,0,0,0,0,0,0,0,1,1,0,0,0,1,0,0,0,0,0,0,0,1,18,2
Brezza VXi,0,0,0,0,0,0,0,0,0,0,0,0,0,0,1,0,1,9,1,1,1,1,0,0,0,0,0,0,0,4,0,0,1,0,0,0,1,0,1,0,1,0,0,0,0,0,0,0,0,0,1,1,0,0,1,0,0,0,1,0,0,0,0,1,0,1,0,1,1,1,0,0,1,0,0,0,0,0,0,0,1,18,6
Brezza ZXi,1,0,0,0,1,1,0,0,1,1,1,0,0,0,1,0,1,9,1,1,1,1,0,0,0,0,0,1,0,4,0,1,1,0,0,0,1,0,1,0,1,1,0,0,0,0,0,0,0,1,1,1,0,0,1,0,0,0,1,0,0,0,0,1,0,1,0,1,1,1,1,1,1,0,0,0,0,0,0,0,7,19,8
Sonet HTE,0,0,0,0,0,0,0,0,0,0,0,0,0,0,1,0,1,10.25,1,1,1,1,0,0,0,0,1,0,0,4,0,0,0,1,0,0,1,0,0,0,1,0,0,0,0,0,0,0,0,0,0,0,1,0,0,0,0,0,1,0,0,0,0,0,0,0,0,1,1,0,0,0,1,0,0,0,0,0,0,0,1,20.25,3
Sonet HTK,0,0,0,0,0,0,0,0,0,0,0,0,0,0,1,0,1,10.25,1,1,1,1,0,0,0,0,1,0,0,4,0,0,0,1,0,0,1,0,0,0,1,0,0,0,0,0,0,0,0,0,1,1,1,0,1,0,0,0,1,0,0,0,0,1,0,1,0,1,1,1,0,0,1,0,0,0,0,0,0,0,1,20.25,7
Sonet HTX,1,0,0,1,1,1,0,0,1,0,1,1,0,0,1,0,1,12.3,1,1,1,1,0,0,0,0,1,0,1,8,0,1,0,1,0,0,1,0,0,0,1,1,0,0,0,0,0,0,1,1,1,1,1,0,1,1,0,0,1,0,0,0,0,1,0,1,0,1,1,1,0,0,1,0,0,0,0,0,0,0,8,27.3,8
XUV 3XO MX1,0,0,0,0,0,0,0,0,0,0,0,0,0,0,1,0,1,10.25,1,0,1,0,0,0,0,0,0,0,0,4,0,0,1,1,0,0,1,0,1,0,1,0,0,0,0,0,0,0,0,0,1,1,1,0,0,0,0,0,1,0,0,0,0,0,0,1,0,1,1,1,0,0,1,0,0,0,0,0,0,0,1,17.25,6
XUV 3XO AX5,1,0,0,0,1,1,0,0,1,0,1,0,0,0,1,0,1,10.25,1,1,1,1,0,0,1,0,0,0,0,4,0,1,1,1,0,0,1,0,1,0,1,1,0,0,0,0,0,0,1,1,1,1,1,0,0,0,0,0,1,0,0,0,0,1,0,1,0,1,1,1,1,1,1,0,0,0,0,0,0,0,6,20.25,8
XUV 3XO AX7,1,0,0,1,1,1,0,0,1,0,1,0,0,0,1,0,1,10.25,1,1,1,1,0,0,1,0,1,1,1,8,0,1,1,1,0,0,1,0,1,0,1,1,0,0,0,0,0,0,1,1,1,1,1,0,0,1,1,1,1,0,0,1,1,1,1,1,0,1,1,1,1,1,1,0,0,0,0,0,0,0,7,27.25,13
Fronx Sigma,0,0,0,0,0,0,0,0,0,0,0,0,0,0,1,0,1,9,1,1,1,1,0,0,0,0,0,0,0,4,0,0,1,0,0,0,1,0,1,0,1,0,0,0,0,0,0,0,0,0,0,0,0,0,0,0,0,0,1,0,0,0,0,0,0,0,0,1,1,0,0,0,1,0,0,0,0,0,0,0,1,18,2
Fronx Delta,0,0,0,0,0,0,0,0,0,0,0,0,0,0,1,0,1,9,1,1,1,1,0,0,0,0,0,0,0,4,0,0,1,0,0,0,1,0,1,0,1,0,0,0,0,0,0,0,0,0,1,1,0,0,0,0,0,0,1,0,0,0,0,1,0,1,0,1,1,1,0,0,1,0,0,0,0,0,0,0,1,18,5
Fronx Zeta,1,0,0,0,1,1,0,0,1,0,1,0,0,0,1,0,1,9,1,1,1,1,0,0,0,0,0,1,0,4,0,1,1,0,0,0,1,0,1,0,1,1,0,0,0,0,0,0,0,1,1,1,0,0,0,0,0,0,1,0,0,0,0,1,0,1,0,1,1,1,1,1,1,0,0,0,0,0,0,0,6,19,7
Altroz XE,0,0,0,0,0,0,0,0,0,0,0,0,0,0,1,0,0,0,0,0,0,0,0,0,0,0,0,0,0,4,0,0,1,0,0,0,1,0,0,0,0,0,0,0,0,0,0,0,0,0,0,0,0,0,0,0,0,0,1,0,0,0,0,0,0,0,0,0,1,0,0,0,0,0,0,0,0,0,0,0,1,4,1
Altroz XM,0,0,0,0,0,0,0,0,0,0,0,0,0,0,1,0,1,7,1,0,1,0,0,0,0,0,0,0,0,4,0,0,1,0,0,0,1,0,1,0,0,0,0,0,0,0,0,0,0,0,0,0,0,0,0,0,0,0,1,0,0,0,0,0,0,0,0,0,1,0,0,0,1,0,0,0,0,0,0,0,1,14,2
Altroz XZ,1,0,0,0,1,1,0,0,1,0,0,0,0,0,1,0,1,7,1,1,1,1,0,0,0,0,0,0,0,4,0,1,1,0,0,0,1,0,1,0,0,1,0,0,0,0,0,0,0,0,1,1,0,0,0,0,0,0,1,0,0,0,0,1,0,1,0,0,1,1,0,0,1,0,0,0,0,0,0,0,5,16,5
Scorpio-N Z2,0,0,0,0,0,0,0,0,0,0,0,0,0,0,1,0,1,8,1,0,1,0,0,0,0,0,0,0,0,4,0,0,1,1,0,0,1,0,1,0,1,0,0,0,0,0,0,0,0,0,1,1,0,0,1,0,0,0,1,0,0,0,0,0,0,1,0,1,1,0,0,0,1,0,0,0,0,0,0,0,1,15,5
Scorpio-N Z4,1,0,0,0,1,1,1,0,1,0,1,0,0,0,1,0,1,8,1,1,1,1,0,0,1,0,0,0,0,4,0,1,1,1,0,0,1,0,1,0,1,0,0,0,0,0,0,0,0,1,1,1,1,0,1,0,0,0,1,0,0,0,0,1,0,1,0,1,1,1,1,1,1,0,0,0,0,0,0,0,7,18,9
Scorpio-N Z8,1,0,0,1,1,1,1,0,1,0,1,0,0,0,1,0,1,8,1,1,1,1,0,0,1,0,0,0,1,8,0,1,1,1,0,0,1,0,1,0,1,1,0,0,1,0,0,0,1,1,1,1,1,0,1,0,0,0,1,0,0,1,1,1,0,1,0,1,1,1,1,1,1,0,0,0,0,0,0,0,8,23,11
Thar AX Opt,0,0,0,0,0,0,0,0,0,0,0,0,0,0,1,0,1,7,1,0,1,0,0,0,0,0,0,0,0,4,0,0,1,0,0,0,1,0,0,0,1,0,0,0,0,0,0,0,0,0,0,0,0,0,0,0,0,0,1,0,0,0,0,0,0,1,0,1,1,0,0,0,1,0,0,0,0,0,0,0,1,14,2
Thar LX,1,0,0,0,1,1,0,0,1,0,1,0,0,0,1,0,1,7,1,0,1,0,0,0,0,0,0,0,0,4,0,1,1,0,0,0,1,0,0,0,1,1,0,0,0,0,0,0,1,0,1,1,1,0,0,0,0,0,1,0,0,0,0,0,0,1,0,1,1,1,0,0,1,0,0,0,0,0,0,0,6,14,6
Thar Earth,1,0,0,0,1,1,0,0,1,0,1,0,0,0,1,0,1,7,1,0,1,0,0,0,0,0,0,0,1,8,0,1,1,0,0,0,1,0,0,0,1,1,0,0,0,0,0,0,1,0,1,1,1,0,0,0,0,0,1,0,0,0,0,0,0,1,0,1,1,1,1,1,1,0,0,0,0,0,0,0,6,19,8
Safari Smart,1,0,0,0,1,1,0,0,1,0,1,0,0,0,1,0,1,10.25,1,1,1,1,0,0,0,0,1,0,1,9,0,0,1,1,0,0,1,0,1,1,1,0,0,0,0,0,0,0,0,0,1,1,1,0,1,0,0,0,0,0,0,0,0,0,0,1,1,1,1,1,0,0,1,0,0,0,0,0,0,0,6,26.25,6
Safari Pure,1,0,0,0,1,1,0,0,1,0,1,0,0,0,1,0,1,10.25,1,1,1,1,0,0,0,0,1,0,1,9,0,1,1,1,0,0,1,0,1,1,1,1,0,0,0,0,0,0,0,1,1,1,1,0,1,0,0,0,0,0,0,0,0,1,0,1,1,1,1,1,1,1,1,0,0,0,0,0,0,0,6,26.25,8
Safari Accomplished,1,0,0,1,1,1,0,0,1,0,1,0,0,0,1,0,1,10.25,1,1,1,1,0,0,0,0,1,0,1,9,0,1,1,1,0,0,1,0,1,1,1,1,0,0,1,0,0,0,1,1,1,1,1,0,1,1,1,1,0,0,0,1,1,1,1,1,1,1,1,1,1,1,1,0,0,0,0,0,0,0,7,26.25,13
Kiger RXE,0,0,0,0,0,0,0,0,0,0,0,0,0,0,1,0,0,0,0,0,0,0,0,0,0,0,0,0,0,2,0,0,1,0,0,0,1,0,0,0,1,0,0,0,0,0,0,0,0,0,0,0,0,0,0,0,0,0,1,0,0,0,0,0,0,0,0,0,0,0,0,0,0,0,0,0,0,0,0,0,1,2,1
Kiger RXT,0,0,0,0,0,0,0,0,0,0,0,0,0,0,1,0,1,8,1,0,1,0,0,0,0,0,0,0,0,4,0,0,1,0,0,0,1,0,1,0,1,0,0,0,0,0,0,0,0,0,1,1,0,0,0,0,0,0,1,0,0,0,0,0,0,1,0,0,1,1,0,0,1,0,0,0,0,0,0,0,1,15,5
Kiger RXZ,1,0,0,0,1,1,0,0,1,0,0,0,0,0,1,0,1,8,1,1,1,1,0,0,0,0,0,0,0,4,0,1,1,0,0,0,1,0,1,0,1,1,0,0,0,0,0,0,1,1,1,1,0,0,0,0,0,0,1,0,0,0,0,1,0,1,0,0,1,1,1,1,1,0,0,0,0,0,0,0,5,17,7
Magnite XE,0,0,0,0,0,0,0,0,0,0,0,0,0,0,1,0,0,0,0,0,0,0,0,0,0,0,0,0,0,2,0,0,1,0,0,0,1,0,0,0,1,0,0,0,0,0,0,0,0,0,0,0,0,0,0,0,0,0,1,0,0,0,0,0,0,0,0,0,0,0,0,0,0,0,0,0,0,0,0,0,1,2,1
Magnite XL,0,0,0,0,0,0,0,0,0,0,0,0,0,0,1,0,1,8,1,0,1,0,0,0,0,0,0,0,0,4,0,0,1,0,0,0,1,0,0,0,1,0,0,0,0,0,0,0,0,0,0,0,0,0,0,0,0,0,1,0,0,0,0,0,0,1,0,0,1,1,0,0,1,0,0,0,0,0,0,0,1,15,3
Magnite XV,1,0,0,0,1,1,0,0,1,0,0,0,0,0,1,0,1,8,1,1,1,1,0,0,0,0,0,0,0,4,0,1,1,0,0,0,1,0,1,0,1,1,0,0,0,0,0,0,1,0,1,1,0,0,0,0,0,0,1,0,0,0,0,1,0,1,0,0,1,1,1,1,1,0,0,0,0,0,0,0,5,17,7
Grand i10 Nios Era,0,0,0,0,0,0,0,0,0,0,0,0,0,0,1,0,0,0,0,0,0,0,0,0,0,0,0,0,0,2,0,0,1,0,0,0,1,0,0,0,0,0,0,0,0,0,0,0,0,0,0,0,0,0,0,0,0,0,1,0,0,0,0,0,0,0,0,0,1,0,0,0,0,0,0,0,0,0,0,0,1,2,1
Grand i10 Nios Magna,0,0,0,0,0,0,0,0,0,0,0,0,0,0,1,0,1,8,1,0,1,0,0,0,0,0,0,0,0,4,0,0,1,0,0,0,1,0,1,0,1,0,0,0,0,0,0,0,0,0,0,0,0,0,0,0,0,0,1,0,0,0,0,0,0,0,0,0,1,1,0,0,1,0,0,0,0,0,0,0,1,15,3
Grand i10 Nios Asta,0,0,0,0,0,0,0,0,0,0,0,0,0,0,1,0,1,8,1,1,1,1,0,0,0,0,0,0,0,4,0,0,1,0,0,0,1,0,1,0,1,0,0,0,0,0,0,0,0,0,1,1,0,0,0,0,0,0,1,0,0,0,0,1,0,1,0,0,1,1,0,0,1,0,0,0,0,0,0,0,1,17,5
Glanza E,0,0,0,0,0,0,0,0,0,0,0,0,0,0,1,0,0,0,0,0,0,0,0,0,0,0,0,0,0,0,0,0,1,0,0,0,1,0,1,0,0,0,0,0,0,0,0,0,0,0,0,0,0,0,0,0,0,0,1,0,0,0,0,0,0,0,0,0,0,0,0,0,0,0,0,0,0,0,0,0,1,0,1
Glanza S,0,0,0,0,0,0,0,0,0,0,0,0,0,0,1,0,1,9,1,1,1,1,0,0,0,0,0,0,0,4,0,0,1,0,0,0,1,0,1,0,0,0,0,0,0,0,0,0,0,0,1,1,0,0,0,0,0,0,1,0,0,0,0,0,0,1,0,0,1,1,0,0,0,0,0,0,0,0,0,0,1,18,4
Glanza V,1,0,0,0,1,1,0,0,1,0,1,0,0,0,1,0,1,9,1,1,1,1,0,0,0,0,0,1,0,4,0,1,1,0,0,0,1,0,1,0,0,1,0,0,0,0,0,0,0,1,1,1,0,0,0,0,0,0,1,0,0,0,0,0,0,1,0,0,1,1,1,1,0,0,0,0,0,0,0,0,6,19,6
Elevate SV,0,0,0,0,0,0,0,0,0,0,0,0,0,0,1,0,1,8,1,0,1,0,0,0,0,0,0,0,0,4,0,0,1,0,0,0,1,0,1,0,1,0,0,0,0,0,0,0,0,0,0,0,0,0,0,0,0,0,1,0,0,0,0,0,0,1,0,1,1,0,0,0,1,0,0,0,0,0,0,0,1,15,2
Elevate V,0,0,0,0,0,0,0,0,0,0,0,0,0,0,1,0,1,8,1,1,1,1,0,0,0,0,0,0,0,4,0,0,1,0,0,0,1,0,1,0,1,0,0,0,0,0,0,0,0,0,1,1,1,0,1,0,0,0,1,0,0,0,0,1,0,1,0,1,1,1,0,0,1,0,0,0,0,0,0,0,1,17,7
Elevate ZX,1,0,0,0,1,1,0,0,1,0,1,0,0,0,1,0,1,10.25,1,1,1,1,0,0,0,0,0,0,1,8,0,1,1,0,0,0,1,0,1,0,1,1,0,0,0,0,0,0,1,1,1,1,1,0,1,0,0,0,1,0,0,0,1,1,0,1,0,1,1,1,1,1,1,0,0,0,0,0,0,0,6,24.25,10
Verna EX,0,0,0,0,0,0,0,0,0,0,0,0,0,0,1,0,1,10.25,1,1,1,1,0,0,0,0,1,0,0,4,0,0,1,1,0,0,1,0,1,0,1,0,0,0,0,0,0,0,0,0,1,1,0,0,0,0,0,0,1,0,0,0,0,0,0,1,0,1,1,0,0,0,1,0,0,0,0,0,0,0,1,20.25,4
Verna S,0,0,0,0,0,0,0,0,0,0,0,0,0,0,1,0,1,10.25,1,1,1,1,0,0,0,0,1,0,0,4,0,1,1,1,0,0,1,0,1,0,1,1,0,0,0,0,0,0,0,1,1,1,1,0,1,0,0,0,1,0,0,0,0,1,0,1,0,1,1,1,0,0,1,0,0,0,0,0,0,0,1,20.25,7
Verna SX Opt,1,0,0,0,1,1,1,0,1,1,1,1,0,0,1,0,1,10.25,1,1,1,1,0,0,0,0,1,0,1,8,0,1,1,1,0,0,1,0,1,0,1,1,0,0,0,0,0,0,1,1,1,1,1,0,1,1,1,1,1,0,0,1,1,1,1,1,0,1,1,1,1,1,1,0,0,0,0,0,0,0,9,25.25,14
Kushaq Active,0,0,0,0,0,0,0,0,0,0,0,0,0,0,1,0,1,10,1,1,1,1,0,0,0,0,0,0,0,6,0,0,1,0,0,0,1,0,1,0,1,0,0,0,0,0,0,0,0,0,1,1,1,0,0,0,0,0,1,0,0,0,0,0,0,1,0,1,1,1,0,0,1,0,0,0,0,0,0,0,1,21,6
Kushaq Ambition,1,0,0,0,1,1,0,0,1,0,0,0,0,0,1,0,1,10,1,1,1,1,0,0,0,0,0,0,0,6,0,1,1,0,0,0,1,0,1,0,1,1,0,0,0,0,0,0,0,1,1,1,1,0,1,0,0,0,1,0,0,0,0,1,0,1,0,1,1,1,0,0,1,0,0,0,0,0,0,0,5,21,7
Kushaq Style,1,0,0,0,1,1,0,0,1,0,0,0,0,0,1,0,1,10,1,1,1,1,0,0,0,0,0,0,0,6,0,1,1,0,0,0,1,0,1,0,1,1,0,0,0,0,0,0,1,1,1,1,1,0,1,1,1,1,1,0,0,0,0,1,0,1,0,1,1,1,1,1,1,0,0,0,0,0,0,0,5,21,12
Taigun Comfortline,0,0,0,0,0,0,0,0,0,0,0,0,0,0,1,0,1,10,1,1,1,1,0,0,0,0,0,0,0,6,0,0,1,0,0,0,1,0,1,0,1,0,0,0,0,0,0,0,0,0,1,1,0,0,0,0,0,0,1,0,0,0,0,0,0,1,0,1,1,1,0,0,1,0,0,0,0,0,0,0,1,21,5
Taigun Highline,0,0,0,0,0,0,0,0,0,0,0,0,0,0,1,0,1,10,1,1,1,1,0,0,0,0,0,0,0,6,0,1,1,0,0,0,1,0,1,0,1,1,0,0,0,0,0,0,0,1,1,1,0,0,1,0,0,0,1,0,0,0,0,1,0,1,0,1,1,1,0,0,1,0,0,0,0,0,0,0,1,21,6
Taigun Topline,1,0,0,0,1,1,0,0,1,0,0,0,0,0,1,0,1,10,1,1,1,1,0,0,0,0,1,0,0,6,0,1,1,0,0,0,1,0,1,0,1,1,0,0,0,0,0,0,1,1,1,1,0,0,1,1,1,1,1,0,0,0,0,1,0,1,0,1,1,1,1,1,1,0,0,0,0,0,0,0,5,22,11
C3 Live,0,0,0,0,0,0,0,0,0,0,0,0,0,0,1,0,0,0,0,0,0,0,0,0,0,0,0,0,0,2,0,0,1,0,0,0,1,0,0,0,1,0,0,0,0,0,0,0,0,0,0,0,0,0,0,0,0,0,1,0,0,0,0,0,0,0,0,0,0,0,0,0,0,0,0,0,0,0,0,0,1,2,1
C3 Feel,0,0,0,0,0,0,0,0,0,0,0,0,0,0,1,0,1,10,1,0,1,0,0,0,0,0,0,0,0,4,0,0,1,0,0,0,1,0,0,0,1,0,0,0,0,0,0,0,0,0,0,0,0,0,0,0,0,0,1,0,0,0,0,0,0,1,0,0,1,1,0,0,1,0,0,0,0,0,0,0,1,17,3
C3 Shine,1,0,0,0,1,1,0,0,0,0,0,0,0,0,1,0,1,10,1,1,1,1,0,0,0,0,0,0,0,4,0,0,1,0,0,0,1,0,1,0,1,0,0,0,0,0,0,0,0,0,1,1,0,0,0,0,0,0,1,0,0,0,0,0,0,1,0,0,1,1,0,0,1,0,0,0,0,0,0,0,4,19,5
Compass Sport,0,0,0,0,0,0,0,0,0,0,0,0,0,0,1,0,1,10.25,1,1,1,1,0,0,0,0,0,0,0,6,0,0,1,1,0,0,1,0,1,0,1,0,0,0,0,0,0,0,0,0,1,1,1,0,1,0,0,0,1,0,0,0,0,1,0,1,0,1,1,1,0,0,1,0,0,0,0,0,0,0,1,21.25,7
Compass Longitude,1,0,0,0,1,1,1,0,1,0,1,0,0,0,1,0,1,10.25,1,1,1,1,0,0,1,0,1,0,0,6,0,1,1,1,0,0,1,0,1,0,1,1,0,0,0,0,0,0,1,1,1,1,1,0,1,1,1,1,1,0,0,0,0,1,0,1,0,1,1,1,1,1,1,0,0,0,0,0,0,0,7,23.25,12
Compass Model S,1,0,0,1,1,1,1,0,1,0,1,0,0,0,1,0,1,10.25,1,1,1,1,0,0,1,0,1,0,1,9,0,1,1,1,0,0,1,0,1,0,1,1,0,0,1,0,0,0,1,1,1,1,1,1,1,1,1,1,1,0,0,1,1,1,0,1,0,1,1,1,1,1,1,0,0,0,0,0,0,0,8,27.25,15
Innova Crysta G,0,0,0,0,0,0,0,0,0,0,0,0,0,0,1,0,1,8,1,0,1,0,0,0,0,0,0,0,0,6,0,0,1,0,0,0,1,0,1,0,1,0,0,0,0,0,0,0,0,0,0,0,0,0,0,0,0,0,1,0,0,0,0,0,0,1,0,1,1,0,0,0,1,0,0,0,0,0,0,0,1,17,2
Innova Crysta GX,0,0,0,0,0,0,0,0,0,0,0,0,0,0,1,0,1,8,1,0,1,0,0,0,0,0,0,0,0,6,0,0,1,0,0,0,1,0,1,0,1,0,0,0,0,0,0,0,0,0,1,1,1,0,0,0,0,0,1,0,0,0,0,0,0,1,0,1,1,1,0,0,1,0,0,0,0,0,0,0,1,17,6
Innova Crysta VX,0,0,0,0,0,0,0,0,0,0,0,0,0,0,1,0,1,8,1,1,1,1,0,0,0,0,0,0,0,6,0,0,1,0,0,0,1,0,1,0,1,1,0,0,1,0,0,0,1,0,1,1,1,0,0,0,0,0,1,0,0,0,0,0,0,1,0,1,1,1,1,1,1,0,0,0,0,0,0,0,1,19,8
Bolero Neo N4,0,0,0,0,0,0,0,0,0,0,0,0,0,0,1,0,0,0,0,0,0,0,0,0,0,0,0,0,0,2,0,0,1,0,0,0,1,0,0,0,1,0,0,0,0,0,0,0,0,0,0,0,0,0,0,0,0,0,1,0,0,0,0,0,0,0,0,0,0,0,0,0,0,0,0,0,0,0,0,0,1,2,1
Bolero Neo N8,0,0,0,0,0,0,0,0,0,0,0,0,0,0,1,0,1,8,1,0,1,0,0,0,0,0,0,0,0,4,0,0,1,0,0,0,1,0,0,0,1,0,0,0,0,0,0,0,0,0,0,0,0,0,0,0,0,0,1,0,0,0,0,0,0,0,0,0,1,1,0,0,1,0,0,0,0,0,0,0,1,15,3
Bolero Neo N10,1,0,0,0,1,1,0,0,1,0,0,0,0,0,1,0,1,8,1,0,1,0,0,0,0,0,0,0,0,4,0,0,1,0,0,0,1,0,0,0,1,0,0,0,0,0,0,0,0,0,1,1,1,0,0,0,0,0,1,0,0,0,0,0,0,1,0,0,1,1,0,0,1,0,0,0,0,0,0,0,5,15,6
Carens Premium,0,0,0,0,0,0,0,0,0,0,0,0,0,0,1,0,1,10.25,1,1,1,1,0,0,0,0,0,0,0,6,0,0,1,1,0,0,1,0,1,0,1,0,0,0,0,0,0,0,0,0,1,1,1,0,0,0,0,0,1,0,0,0,0,0,0,1,0,1,1,1,0,0,1,0,0,0,0,0,0,0,1,21.25,6
Carens Prestige,1,0,0,0,1,1,0,0,1,0,1,0,0,0,1,0,1,10.25,1,1,1,1,0,0,0,0,0,0,0,6,0,1,1,1,0,0,1,0,1,0,1,1,0,0,0,0,0,0,1,1,1,1,1,0,1,0,0,0,1,0,0,0,0,1,0,1,0,1,1,1,1,1,1,0,0,0,0,0,0,0,6,21.25,9
Carens Luxury,1,0,0,0,1,1,0,0,1,0,1,0,0,0,1,0,1,10.25,1,1,1,1,0,0,0,0,0,0,1,8,0,1,1,1,0,0,1,0,1,0,1,1,0,0,0,0,0,0,1,1,1,1,1,0,1,1,0,0,1,0,0,1,1,1,1,1,0,1,1,1,1,1,1,0,0,0,0,0,0,0,6,24.25,12
Dzire LXi,0,0,0,0,0,0,0,0,0,0,0,0,0,0,0,0,0,0,0,0,0,0,0,0,0,0,0,0,0,0,0,0,0,0,0,0,1,0,0,0,0,0,0,0,0,0,0,0,0,0,0,0,0,0,0,0,0,0,1,0,0,0,0,0,0,0,0,0,0,0,0,0,1,0,0,0,0,0,0,0,0,0,2
Dzire VXi,0,0,0,0,0,0,0,0,0,0,0,0,0,0,1,0,1,7,1,0,1,0,0,0,0,0,0,0,0,4,0,0,1,0,0,0,1,0,1,0,1,0,0,0,0,0,0,0,0,0,1,1,0,0,0,0,0,0,1,0,0,0,0,0,0,0,0,0,1,1,0,0,1,0,0,0,0,0,0,0,1,14,5
Dzire ZXi,1,0,0,0,1,1,0,0,1,0,0,0,0,0,1,0,1,7,1,1,1,1,0,0,0,0,0,0,0,4,0,1,1,0,0,0,1,0,1,0,1,0,0,0,0,0,0,0,0,0,1,1,1,0,1,0,0,0,1,0,0,0,0,0,0,1,0,0,1,1,0,0,1,0,0,0,0,0,0,0,5,16,7
Ertiga LXi,0,0,0,0,0,0,0,0,0,0,0,0,0,0,0,0,0,0,0,0,0,0,0,0,0,0,0,0,0,0,0,0,0,0,0,0,1,0,0,0,1,0,0,0,0,0,0,0,0,0,0,0,0,0,0,0,0,0,1,0,0,0,0,0,0,0,0,0,0,0,0,0,1,0,0,0,0,0,0,0,0,0,2
Ertiga VXi,0,0,0,0,0,0,0,0,0,0,0,0,0,0,1,0,1,7,1,0,1,0,0,0,0,0,0,0,0,4,0,0,1,0,0,0,1,0,1,0,1,0,0,0,0,0,0,0,0,0,1,1,0,0,0,0,0,0,1,0,0,0,0,0,0,0,0,0,1,0,0,0,1,0,0,0,0,0,0,0,1,14,4
Ertiga ZXi,1,0,0,0,1,1,0,0,1,0,0,0,0,0,1,0,1,7,1,1,1,1,0,0,0,0,0,0,0,4,0,0,1,0,0,0,1,0,1,0,1,0,0,0,0,0,0,0,0,0,1,1,1,0,0,0,0,0,1,0,0,0,0,0,0,1,0,0,1,1,0,0,1,0,0,0,0,0,0,0,5,16,6
Punch Pure,0,0,0,0,0,0,0,0,0,0,0,0,0,0,1,0,0,0,0,0,0,0,0,0,0,0,0,0,0,4,0,0,1,0,0,0,1,0,1,0,1,0,0,0,0,0,0,0,0,0,0,0,0,0,0,0,0,0,1,0,0,0,0,0,0,1,0,0,1,0,0,0,1,0,0,0,0,0,0,0,1,4,2
Punch Adventure,1,0,0,0,1,1,0,0,1,0,0,0,0,0,1,0,1,7,1,0,1,0,0,0,0,0,0,0,0,4,0,0,1,0,0,0,1,0,1,0,1,0,0,0,0,0,0,0,0,0,1,1,0,0,0,0,0,0,1,0,0,0,0,0,0,1,0,0,1,1,0,0,1,0,0,0,0,0,0,0,5,14,5
Punch Creative,1,0,0,0,1,1,0,0,1,0,0,0,0,0,1,0,1,7,1,1,1,1,0,0,0,0,0,0,0,4,0,1,1,0,0,0,1,0,1,0,1,1,0,0,0,0,0,0,0,0,1,1,1,0,0,0,0,0,1,0,0,0,0,1,0,1,0,0,1,1,1,1,1,0,0,0,0,0,0,0,5,16,8
Venue E,0,0,0,0,0,0,0,0,0,0,0,0,0,0,1,0,1,8,1,0,1,0,0,0,0,0,0,0,0,4,0,0,1,0,0,0,1,0,1,0,1,0,0,0,0,0,0,0,0,0,0,0,0,0,0,0,0,0,1,0,0,0,0,0,0,1,0,1,1,0,0,0,1,0,0,0,0,0,0,0,1,15,2
Venue S,0,0,0,0,0,0,0,0,0,0,0,0,0,0,1,0,1,8,1,1,1,1,0,0,0,0,0,0,0,4,0,0,1,0,0,0,1,0,1,0,1,0,0,0,0,0,0,0,0,0,1,1,1,0,1,0,0,0,1,0,0,0,0,0,0,1,0,1,1,1,0,0,1,0,0,0,0,0,0,0,1,17,7
Venue SX,1,0,0,0,1,1,1,0,1,1,1,1,0,0,1,0,1,8,1,1,1,1,0,0,0,0,0,0,0,4,0,1,1,0,0,0,1,0,1,0,1,1,0,0,0,0,0,0,1,1,1,1,1,0,1,0,0,0,1,0,0,0,0,1,0,1,0,1,1,1,1,1,1,0,0,0,0,0,0,0,9,17,9
Amaze E,0,0,0,0,0,0,0,0,0,0,0,0,0,0,1,0,1,8,1,0,1,0,0,0,0,0,0,0,0,4,0,0,1,0,0,0,1,0,1,0,1,0,0,0,0,0,0,0,0,0,0,0,0,0,0,0,0,0,1,0,0,0,0,0,0,0,0,1,1,0,0,0,1,0,0,0,0,0,0,0,1,15,2
Amaze S,0,0,0,0,0,0,0,0,0,0,0,0,0,0,1,0,1,8,1,0,1,0,0,0,0,0,0,0,0,4,0,0,1,0,0,0,1,0,1,0,1,0,0,0,0,0,0,0,0,0,1,1,0,0,0,0,0,0,1,0,0,0,0,0,0,1,0,1,1,1,0,0,1,0,0,0,0,0,0,0,1,15,5
Amaze VX,0,0,0,0,0,0,0,0,0,0,0,0,0,0,1,0,1,8,1,1,1,1,0,0,0,0,0,0,0,4,0,1,1,0,0,0,1,0,1,0,1,1,0,0,0,0,0,0,0,0,1,1,1,0,0,0,0,0,1,0,0,0,0,1,0,1,0,1,1,1,0,0,1,0,0,0,0,0,0,0,1,17,6
Astor Sprint,0,0,0,0,0,0,0,0,0,0,0,0,0,0,1,0,1,10.1,1,0,1,0,0,0,0,0,0,0,0,6,0,0,1,0,0,0,1,0,1,0,1,0,0,0,0,0,0,0,0,0,1,1,1,0,0,0,0,0,1,0,0,0,0,0,0,1,0,1,1,1,0,0,1,0,0,0,0,0,0,0,1,19.1,6
Astor Shine,1,0,0,0,1,1,1,0,1,0,1,0,0,0,1,0,1,10.1,1,1,1,1,0,1,1,1,0,0,0,6,0,1,1,0,0,0,1,0,1,0,1,1,0,0,0,0,0,0,1,1,1,1,1,0,0,0,0,0,1,0,0,0,0,1,0,1,0,1,1,1,1,1,1,0,0,0,0,0,0,0,7,24.1,8
Astor Savvy,1,0,0,1,1,1,1,0,1,0,1,0,0,0,1,0,1,10.1,1,1,1,1,0,1,1,1,0,0,0,6,0,1,1,0,0,0,1,0,1,0,1,1,0,0,0,0,0,0,1,1,1,1,1,0,0,1,0,0,1,0,0,1,1,1,0,1,0,1,1,1,1,1,1,0,0,0,0,0,0,0,8,24.1,11
Triber RXE,0,0,0,0,0,0,0,0,0,0,0,0,0,0,1,0,0,0,0,0,0,0,0,0,0,0,0,0,0,2,0,0,1,0,0,0,1,0,0,0,1,0,0,0,0,0,0,0,0,0,0,0,0,0,0,0,0,0,1,0,0,0,0,0,0,0,0,0,0,0,0,0,0,0,0,0,0,0,0,0,1,2,1
Triber RXT,0,0,0,0,0,0,0,0,0,0,0,0,0,0,1,0,1,8,1,0,1,0,0,0,0,0,0,0,0,4,0,0,1,0,0,0,1,0,1,0,1,0,0,0,0,0,0,0,0,0,0,0,0,0,0,0,0,0,1,0,0,0,0,0,0,1,0,0,1,1,0,0,1,0,0,0,0,0,0,0,1,15,3
Triber RXZ,1,0,0,0,1,1,0,0,1,0,0,0,0,0,1,0,1,8,1,1,1,1,0,0,0,0,0,0,0,4,0,0,1,0,0,0,1,0,1,0,1,0,0,0,0,0,0,0,0,0,1,1,0,0,0,0,0,0,1,0,0,0,0,0,0,1,0,0,1,1,0,0,1,0,0,0,0,0,0,0,5,17,5
WagonR LXi,0,0,0,0,0,0,0,0,0,0,0,0,0,0,0,0,0,0,0,0,0,0,0,0,0,0,0,0,0,0,0,0,0,0,0,0,1,0,0,0,0,0,0,0,0,0,0,0,0,0,0,0,0,0,0,0,0,0,1,0,0,0,0,0,0,0,0,0,0,0,0,0,1,0,0,0,0,0,0,0,0,0,2
WagonR VXi,0,0,0,0,0,0,0,0,0,0,0,0,0,0,1,0,1,7,1,0,1,0,0,0,0,0,0,0,0,4,0,0,1,0,0,0,1,0,1,0,0,0,0,0,0,0,0,0,0,0,0,0,0,0,0,0,0,0,1,0,0,0,0,0,0,0,0,0,1,0,0,0,1,0,0,0,0,0,0,0,1,14,2
WagonR ZXi,1,0,0,0,1,1,0,0,1,0,0,0,0,0,1,0,1,7,1,1,1,1,0,0,0,0,0,0,0,4,0,0,1,0,0,0,1,0,1,0,0,0,0,0,0,0,0,0,0,0,1,1,0,0,0,0,0,0,1,0,0,0,0,0,0,0,0,0,1,0,0,0,1,0,0,0,0,0,0,0,5,16,4
Creta S IVT,0,0,0,0,0,0,0,0,0,0,0,0,0,0,1,0,1,8,1,1,1,1,0,0,0,0,1,0,0,6,0,0,1,0,0,0,1,0,1,0,1,0,0,0,0,0,0,0,0,0,1,1,1,0,1,0,0,0,1,0,0,1,1,0,0,1,0,1,1,1,0,0,1,0,0,0,0,0,0,0,1,20,9
Creta SX IVT,1,1,0,0,1,1,1,1,1,1,1,1,0,0,1,0,1,10.25,1,1,1,1,0,1,1,0,1,0,1,8,0,1,1,1,0,0,1,0,1,0,1,1,0,0,0,0,0,0,1,1,1,1,1,0,1,1,0,0,1,0,0,1,1,1,1,1,0,1,1,1,1,1,1,0,0,0,0,0,0,0,11,27.25,12
Creta SX Opt IVT,1,1,0,0,1,1,1,1,1,1,1,1,0,0,1,0,1,10.25,1,1,1,1,0,1,1,0,1,0,1,8,0,1,1,1,0,0,1,0,1,0,1,1,0,0,0,0,0,0,1,1,1,1,1,1,1,1,1,1,1,0,0,1,1,1,1,1,0,1,1,1,1,1,1,0,0,0,0,0,0,0,11,27.25,15
XUV700 AX3 AT,1,0,0,0,1,1,1,0,1,0,1,0,0,0,1,0,1,10.25,1,1,1,1,0,1,1,1,1,0,0,7,0,0,1,1,0,0,1,0,1,1,1,0,0,0,0,0,0,0,0,0,1,1,1,0,1,0,0,0,0,0,0,1,1,1,0,1,0,1,1,1,1,1,1,0,0,0,0,0,0,0,7,26.25,10
XUV700 AX5 AT,1,0,0,1,1,1,1,0,1,0,1,0,0,0,1,0,1,10.25,1,1,1,1,0,1,1,1,1,0,1,7,0,1,1,1,0,0,1,0,1,1,1,1,0,0,0,0,0,0,1,1,1,1,1,1,1,0,0,0,0,0,0,1,1,1,1,1,0,1,1,1,1,1,1,0,0,0,0,0,0,0,8,27.25,11
XUV700 AX7 L AT,1,0,0,1,1,1,1,0,1,0,1,0,0,0,1,0,1,10.25,1,1,1,1,0,1,1,1,1,1,1,12,0,1,1,1,0,0,1,0,1,1,1,1,0,0,1,1,1,0,1,1,1,1,1,1,1,1,1,1,0,0,0,1,1,1,1,1,0,1,1,1,1,1,1,1,0,0,0,0,0,0,8,33.25,15
City V CVT,0,0,0,0,0,0,0,0,0,0,0,0,0,0,1,0,1,8,1,1,1,1,0,0,0,0,0,0,0,4,0,0,1,0,0,0,1,0,1,0,1,0,0,0,0,0,0,0,0,0,1,1,1,0,1,0,0,0,1,0,0,0,0,0,0,1,0,1,1,1,0,0,1,0,0,0,0,0,0,0,1,17,7
City VX CVT,1,0,0,0,1,1,0,0,1,0,1,0,0,0,1,0,1,8,1,1,1,1,0,0,0,0,0,0,1,8,0,1,1,0,0,0,1,0,1,0,1,1,0,0,0,0,0,0,1,0,1,1,1,0,1,1,0,0,1,0,0,0,0,1,0,1,0,1,1,1,1,1,1,0,0,0,0,0,0,0,6,22,10
City ZX CVT,1,0,0,0,1,1,0,0,1,0,1,0,0,0,1,0,1,8,1,1,1,1,0,0,0,0,0,0,1,8,1,1,1,0,0,0,1,0,1,0,1,1,0,0,0,0,0,0,1,0,1,1,1,0,1,1,1,0,1,0,0,0,0,1,0,1,0,1,1,1,1,1,1,0,0,0,0,0,0,0,6,23,11
Virtus Highline AT,0,0,0,0,0,0,0,0,0,0,0,0,0,0,1,0,1,10,1,1,1,1,0,0,0,0,0,0,0,8,0,1,1,0,0,0,1,0,1,0,1,0,0,0,0,0,0,0,0,1,1,1,1,0,1,0,0,0,1,0,0,0,0,0,0,1,0,1,1,1,0,0,1,0,0,0,0,0,0,0,1,23,7
Virtus Topline AT,1,0,0,0,1,1,0,0,1,0,1,0,0,0,1,0,1,10,1,1,1,1,0,0,0,0,1,0,0,8,0,1,1,0,0,0,1,0,1,0,1,1,0,0,0,0,0,0,1,1,1,1,1,0,1,1,1,1,1,0,0,0,0,1,0,1,0,1,1,1,0,0,1,0,0,0,0,0,0,0,6,24,10
Virtus GT Plus DSG,1,0,0,0,1,1,0,0,1,0,1,0,0,0,1,0,1,10,1,1,1,1,0,0,0,0,1,0,0,8,0,1,1,0,0,0,1,0,1,0,1,1,0,0,0,0,0,0,1,1,1,1,1,1,1,1,1,1,1,0,0,0,0,1,0,1,0,1,1,1,0,0,1,0,0,0,0,0,0,0,6,24,11
Nexon Creative DCA,1,0,0,0,1,1,0,0,1,0,1,0,0,0,1,0,1,10.25,1,1,1,1,0,0,1,0,1,0,0,6,0,0,1,1,0,0,1,0,1,0,1,0,0,0,0,0,0,0,0,0,1,1,1,0,1,0,0,0,0,0,0,1,1,1,0,1,0,1,1,1,1,1,1,0,0,0,0,0,0,0,6,23.25,10
Nexon Fearless DCA,1,0,0,0,1,1,0,0,1,0,1,0,0,0,1,0,1,10.25,1,1,1,1,0,0,1,0,1,0,1,9,0,1,1,1,0,0,1,0,1,0,1,1,0,0,0,0,0,0,1,1,1,1,1,0,1,1,0,0,0,0,0,1,1,1,1,1,0,1,1,1,1,1,1,0,0,0,0,0,0,0,6,27.25,11
Nexon Fearless Plus DCA,1,0,0,1,1,1,0,0,1,0,1,0,0,0,1,0,1,10.25,1,1,1,1,0,0,1,0,1,0,1,9,0,1,1,1,0,0,1,0,1,0,1,1,0,0,0,0,0,0,1,1,1,1,1,1,1,1,1,1,0,0,0,1,1,1,1,1,0,1,1,1,1,1,1,0,0,0,0,0,0,0,7,27.25,14
Innova Hycross VX e-CVT,0,0,0,0,0,0,0,0,0,0,0,0,0,0,1,0,1,10.1,1,1,1,1,0,0,0,0,0,0,0,8,0,0,1,1,0,0,1,0,1,1,1,0,0,0,0,0,0,0,0,0,1,1,1,0,0,0,0,0,1,0,0,0,0,0,0,1,0,1,1,1,0,0,1,0,0,0,0,0,0,0,1,23.1,6
Innova Hycross ZX e-CVT,1,0,0,0,1,1,1,0,1,1,1,1,0,0,1,0,1,10.1,1,1,1,1,0,0,0,0,0,0,1,9,0,1,1,1,0,0,1,0,1,1,1,1,0,0,1,0,1,0,1,1,1,1,1,0,0,0,0,0,1,1,0,1,1,0,1,1,0,1,1,1,1,1,1,0,0,0,0,0,0,0,9,25.1,11
Innova Hycross ZX Opt e-CVT,1,0,0,0,1,1,1,0,1,1,1,1,0,0,1,0,1,10.1,1,1,1,1,0,0,0,0,0,0,1,9,1,1,1,1,0,0,1,0,1,1,1,1,0,0,1,0,1,0,1,1,1,1,1,1,0,1,1,1,1,1,0,1,1,0,1,1,0,1,1,1,1,1,1,0,0,0,0,0,0,0,9,26.1,15
Seltos HTX IVT,1,1,0,1,1,1,1,0,1,1,1,1,0,0,1,0,1,12.3,1,1,1,1,0,0,0,0,1,0,1,8,0,1,1,1,0,0,1,0,0,0,1,1,0,0,0,0,0,0,1,1,1,1,1,0,1,1,0,0,1,0,0,0,0,1,1,1,0,1,1,0,0,0,1,0,0,0,0,0,0,0,11,27.3,7
Seltos GTX Plus DCT,1,1,0,1,1,1,1,0,1,1,1,1,0,0,1,0,1,12.3,1,1,1,1,0,0,0,0,1,0,1,8,0,1,1,1,0,0,1,0,0,0,1,1,0,0,1,0,0,0,1,1,1,1,1,1,1,1,0,0,1,0,0,1,1,1,1,1,0,1,1,0,1,1,1,0,0,0,0,0,0,0,11,27.3,12
Seltos X-Line DCT,1,1,0,1,1,1,1,0,1,1,1,1,0,0,1,0,1,12.3,1,1,1,1,0,0,0,0,1,0,1,8,0,1,1,1,0,0,1,0,0,0,1,1,0,0,1,0,0,0,1,1,1,1,1,1,1,1,0,0,1,0,0,1,1,1,1,1,0,1,1,0,1,1,1,0,0,0,0,0,0,0,11,27.3,12
Grand Vitara Delta AT,0,0,0,0,0,0,0,0,0,0,0,0,0,0,1,0,1,9,1,1,1,1,0,0,0,0,0,0,0,4,0,0,1,0,0,0,1,0,1,0,1,0,0,0,0,0,0,0,0,0,1,1,1,0,0,0,0,0,1,0,0,0,0,0,0,1,0,1,1,1,0,0,1,0,0,0,0,0,0,0,1,18,6
Grand Vitara Zeta AT,1,0,0,0,1,1,0,0,1,0,0,0,0,0,1,0,1,9,1,1,1,1,0,0,0,0,0,1,0,4,0,1,1,0,0,0,1,0,1,0,1,1,0,0,0,0,0,0,0,0,1,1,1,0,1,0,0,0,1,0,0,0,0,1,0,1,0,1,1,1,0,0,1,0,0,0,0,0,0,0,5,19,7
Grand Vitara Alpha AT,1,0,0,0,1,1,0,0,1,0,0,0,0,0,1,0,1,9,1,1,1,1,0,0,0,0,0,1,0,4,0,1,1,0,0,0,1,0,1,0,1,1,0,0,0,0,0,0,1,1,1,1,1,0,1,1,0,0,1,0,0,1,1,1,1,1,0,1,1,1,1,1,1,0,0,0,0,0,0,0,5,19,12
Hector Shine CVT,1,1,0,0,1,1,0,0,1,0,1,1,0,0,1,0,1,14,1,1,1,1,0,1,1,1,0,0,0,6,0,1,1,1,0,0,1,0,1,0,1,1,0,0,0,0,0,0,1,1,1,1,1,0,1,0,0,0,1,0,0,0,0,1,0,1,0,1,1,1,1,1,1,0,0,0,0,0,0,0,8,28,9
Hector Smart CVT,1,1,0,0,1,1,0,0,1,0,1,1,0,0,1,0,1,14,1,1,1,1,0,1,1,1,0,0,0,6,0,1,1,1,0,0,1,0,1,1,1,1,0,0,0,0,0,0,1,1,1,1,1,0,1,0,0,0,1,0,0,1,1,1,0,1,0,1,1,1,1,1,1,0,0,0,0,0,0,0,8,28,11
Hector Savvy Pro CVT,1,1,0,1,1,1,0,0,1,0,1,1,0,0,1,0,1,14,1,1,1,1,0,1,1,1,0,0,1,8,0,1,1,1,0,0,1,0,1,0,1,1,0,0,1,0,0,0,1,1,1,1,1,0,1,1,1,1,1,0,0,1,1,1,1,1,0,1,1,1,1,1,1,0,0,0,0,0,0,0,9,31,14
Baleno Delta AMT,0,0,0,0,0,0,0,0,0,0,0,0,0,0,1,0,1,9,1,1,1,1,0,0,0,0,0,0,0,4,0,0,1,0,0,0,1,0,1,0,0,0,0,0,0,0,0,0,0,0,1,1,0,0,0,0,0,0,1,0,0,0,0,0,0,1,0,0,1,1,0,0,0,0,0,0,0,0,0,0,1,18,4
Baleno Zeta AMT,1,0,0,0,1,1,0,0,1,0,1,0,0,0,1,0,1,9,1,1,1,1,0,0,0,0,0,0,0,4,0,0,1,0,0,0,1,0,1,0,0,1,0,0,0,0,0,0,0,1,1,1,0,0,0,0,0,0,1,0,0,0,0,1,0,1,0,0,1,1,0,0,0,0,0,0,0,0,0,0,6,18,4
Baleno Alpha AMT,1,0,0,0,1,1,0,0,1,0,1,0,0,0,1,0,1,9,1,1,1,1,0,0,0,0,0,1,0,6,0,1,1,0,0,0,1,0,1,0,0,1,0,0,0,0,0,0,1,1,1,1,0,0,1,0,0,0,1,0,0,0,0,0,0,1,0,0,1,1,1,1,0,0,0,0,0,0,0,0,6,21,7
Sonet HTK Plus DCT,0,0,0,0,0,0,0,0,0,0,0,0,0,0,1,0,1,10.25,1,1,1,1,0,0,0,0,1,0,0,4,0,1,0,1,0,0,1,0,0,0,1,1,0,0,0,0,0,0,0,0,1,1,1,0,1,0,0,0,1,0,0,0,0,1,0,1,0,1,1,1,0,0,1,0,0,0,0,0,0,0,1,20.25,7
Sonet HTX DCT,1,0,0,1,1,1,0,0,1,0,1,1,0,0,1,0,1,12.3,1,1,1,1,0,0,0,0,1,0,1,8,0,1,0,1,0,0,1,0,0,0,1,1,0,0,0,0,0,0,1,1,1,1,1,0,1,1,0,0,1,0,0,0,0,1,0,1,0,1,1,1,0,0,1,0,0,0,0,0,0,0,8,27.3,8
Sonet GTX Plus DCT,1,0,0,1,1,1,0,0,1,0,1,1,0,0,1,0,1,12.3,1,1,1,1,0,0,0,0,1,0,1,8,0,1,0,1,0,0,1,0,0,0,1,1,0,0,1,0,0,0,1,1,1,1,1,1,1,1,0,0,1,0,0,1,1,1,1,1,0,1,1,1,1,1,1,0,0,0,0,0,0,0,8,27.3,13
Scorpio-N Z4 AT,1,0,0,0,1,1,1,0,1,0,1,0,0,0,1,0,1,8,1,1,1,1,0,0,1,0,0,0,0,4,0,1,1,1,0,0,1,0,1,0,1,0,0,0,0,0,0,0,0,1,1,1,1,0,1,0,0,0,1,0,0,0,0,1,0,1,0,1,1,1,1,1,1,0,0,0,0,0,0,0,7,18,9
Scorpio-N Z8 AT,1,0,0,1,1,1,1,0,1,0,1,0,0,0,1,0,1,8,1,1,1,1,0,0,1,0,0,0,1,8,0,1,1,1,0,0,1,0,1,0,1,1,0,0,1,0,0,0,1,1,1,1,1,0,1,0,0,0,1,0,0,1,1,1,0,1,0,1,1,1,1,1,1,0,0,0,0,0,0,0,8,23,11
Scorpio-N Z8 L AT,1,0,0,1,1,1,1,0,1,0,1,0,0,0,1,0,1,8,1,1,1,1,0,0,1,0,0,0,1,12,0,1,1,1,0,0,1,0,1,0,1,1,0,0,1,0,0,0,1,1,1,1,1,0,1,0,0,0,1,0,0,1,1,1,0,1,0,1,1,1,1,1,1,1,0,0,0,0,0,0,8,27,12
Nexon.ev Creative,1,1,0,1,1,1,0,1,1,1,1,1,0,0,1,0,1,12.3,1,1,1,1,0,1,1,0,1,0,1,9,0,1,1,1,1,1,1,0,1,0,1,0,0,0,0,0,0,0,0,1,1,1,1,0,1,0,0,0,1,0,0,1,1,1,0,1,0,1,1,1,1,1,1,0,0,0,4,0,1,0,11,30.3,11
Nexon.ev Fearless,1,1,0,1,1,1,0,1,1,1,1,1,0,0,1,0,1,12.3,1,1,1,1,0,1,1,0,1,0,1,9,0,1,1,1,1,1,1,0,1,0,1,1,0,0,0,0,0,0,1,1,1,1,1,0,1,1,1,1,1,0,0,1,1,1,1,1,0,1,1,1,1,1,1,0,0,1,4,0,1,0,11,30.3,14
Nexon.ev Empowered,1,1,0,1,1,1,0,1,1,1,1,1,0,0,1,0,1,12.3,1,1,1,1,0,1,1,0,1,0,1,9,0,1,1,1,1,1,1,0,1,0,1,1,0,0,0,0,0,0,1,1,1,1,1,1,1,1,1,1,1,0,0,1,1,1,1,1,0,1,1,1,1,1,1,0,1,1,4,1,1,0,11,30.3,15
Punch.ev Smart,1,1,0,1,1,1,0,1,1,0,1,0,0,0,1,0,1,8,1,0,1,0,0,0,0,0,1,0,0,4,0,0,1,1,0,0,1,0,1,0,1,0,0,0,0,0,0,0,0,0,0,0,0,0,0,0,0,0,1,0,0,1,1,0,0,1,0,0,1,1,0,0,1,0,0,0,4,0,1,0,9,16,5
Punch.ev Adventure,1,1,0,1,1,1,0,1,1,0,1,0,0,0,1,0,1,8,1,1,1,1,0,0,0,0,1,0,0,4,0,0,1,1,0,0,1,0,1,0,1,0,0,0,0,0,0,0,0,0,1,1,1,0,1,0,0,0,1,0,0,1,1,1,0,1,0,0,1,1,0,0,1,0,0,0,4,0,1,0,9,18,9
Punch.ev Empowered,1,1,0,1,1,1,0,1,1,0,1,0,0,0,1,0,1,10.25,1,1,1,1,0,1,1,0,1,0,1,9,0,1,1,1,1,0,1,0,1,0,1,1,0,0,0,0,0,0,1,1,1,1,1,0,1,0,0,0,1,0,0,1,1,1,1,1,0,0,1,1,1,1,1,0,0,1,4,1,1,0,9,28.25,11
Tiago.ev XE,1,0,0,0,1,1,0,1,1,0,1,0,0,0,1,0,0,0,0,0,0,0,0,0,0,0,1,0,0,4,0,0,1,1,0,0,1,0,1,0,1,0,0,0,0,0,0,0,0,0,0,0,0,0,0,0,0,0,1,0,0,0,0,0,0,0,0,0,1,0,0,0,0,0,0,0,3,0,1,0,7,5,1
Tiago.ev XT,1,0,0,0,1,1,0,1,1,0,1,0,0,0,1,0,1,10.25,1,1,1,1,0,0,0,0,1,0,0,4,0,0,1,1,0,0,1,0,1,0,1,0,0,0,0,0,0,0,0,0,0,0,0,0,0,0,0,0,1,0,0,0,0,0,0,1,0,0,1,1,0,0,0,0,0,0,3,0,1,0,7,20.25,2
Tiago.ev XZ Plus,1,0,0,1,1,1,0,1,1,0,1,0,0,0,1,0,1,10.25,1,1,1,1,0,0,0,0,1,0,0,4,0,0,1,1,0,0,1,0,1,0,1,0,0,0,0,0,0,0,0,0,1,1,1,0,0,0,0,0,1,0,0,0,0,0,0,1,0,0,1,1,1,1,1,0,0,1,3,1,1,0,8,20.25,8
XUV400 EC Pro,1,0,0,0,1,1,0,1,1,0,1,0,0,0,1,0,1,10.25,1,1,1,1,0,0,0,0,1,0,0,7,0,0,1,1,0,0,1,0,1,0,1,0,0,0,0,0,0,0,0,0,1,1,1,0,1,0,0,0,1,0,0,1,1,1,0,1,0,1,1,1,0,1,1,0,0,0,3,0,1,0,7,23.25,10
XUV400 EL Pro 34.5,1,0,0,1,1,1,0,1,1,0,1,0,0,0,1,0,1,10.25,1,1,1,1,0,0,0,0,1,0,0,7,0,1,1,1,0,0,1,0,1,0,1,1,0,0,0,0,0,0,1,1,1,1,1,0,1,0,0,0,1,0,0,1,1,1,0,1,0,1,1,1,1,1,1,0,0,1,3,1,1,0,8,23.25,11
XUV400 EL Pro 39.4,1,0,0,1,1,1,0,1,1,0,1,0,0,0,1,0,1,10.25,1,1,1,1,0,0,0,0,1,0,0,7,0,1,1,1,0,0,1,0,1,0,1,1,0,0,0,0,0,0,1,1,1,1,1,0,1,0,0,0,1,0,0,1,1,1,0,1,0,1,1,1,1,1,1,0,0,1,3,1,1,0,8,23.25,11
Curvv.ev Creative,1,1,0,1,1,1,0,1,1,1,1,1,0,0,1,0,1,12.3,1,1,1,1,0,1,1,0,1,0,1,9,0,1,1,1,1,1,1,0,1,0,1,0,0,0,0,0,0,0,0,1,1,1,1,0,1,0,0,0,1,0,0,1,1,1,0,1,0,1,1,1,1,1,1,0,0,0,4,0,1,0,11,30.3,11
Curvv.ev Accomplished,1,1,0,1,1,1,0,1,1,1,1,1,0,0,1,0,1,12.3,1,1,1,1,0,1,1,0,1,0,1,9,0,1,1,1,1,1,1,0,1,0,1,1,0,0,0,0,0,0,1,1,1,1,1,0,1,1,1,1,1,0,0,1,1,1,1,1,0,1,1,1,1,1,1,0,0,1,4,0,1,0,11,30.3,14
Curvv.ev Empowered,1,1,0,1,1,1,0,1,1,1,1,1,0,0,1,0,1,12.3,1,1,1,1,0,1,1,0,1,1,1,9,0,1,1,1,1,1,1,0,1,0,1,1,0,0,0,0,0,0,1,1,1,1,1,1,1,1,1,1,1,0,0,1,1,1,1,1,0,1,1,1,1,1,1,0,1,1,4,1,1,0,11,31.3,15
ZS EV Executive,1,0,0,0,1,1,0,1,1,0,1,0,0,0,1,0,1,10.1,1,1,1,1,0,0,0,0,1,0,0,4,0,0,1,1,0,0,1,0,1,0,1,0,0,0,0,0,0,0,0,0,1,1,1,0,0,0,0,0,1,0,0,0,0,0,0,1,0,0,1,1,0,0,1,0,0,0,3,0,1,0,7,20.1,6
ZS EV Excite,1,0,0,0,1,1,0,1,1,0,1,0,0,0,1,0,1,10.1,1,1,1,1,0,0,0,0,1,0,0,6,0,1,1,1,0,0,1,0,1,0,1,1,0,0,0,0,0,0,1,1,1,1,1,0,1,0,0,0,1,0,0,0,1,1,0,1,0,0,1,1,1,1,1,0,0,0,3,0,1,0,7,22.1,10
ZS EV Exclusive,1,0,0,1,1,1,0,1,1,0,1,0,0,0,1,0,1,10.1,1,1,1,1,0,0,0,1,1,0,0,6,0,1,1,1,0,0,1,0,1,0,1,1,0,0,0,0,0,0,1,1,1,1,1,0,1,0,0,0,1,0,0,0,1,1,1,1,0,0,1,1,1,1,1,0,1,1,3,1,1,0,8,23.1,10
Comet EV Executive,1,0,0,0,1,1,0,1,1,0,1,0,0,0,1,0,1,10.25,1,1,1,1,0,0,0,0,1,0,0,4,0,0,0,1,0,0,1,0,0,0,0,0,0,0,0,0,0,0,0,0,1,1,0,0,0,0,0,0,0,0,0,0,0,0,0,1,0,0,1,1,0,0,1,0,0,0,3,0,1,0,7,20.25,4
Comet EV Excite,1,0,0,0,1,1,0,1,1,0,1,0,0,0,1,0,1,10.25,1,1,1,1,0,0,0,0,1,0,0,4,0,1,0,1,0,0,1,0,0,0,0,0,0,0,0,0,0,0,0,1,1,1,0,0,1,0,0,0,0,0,0,0,0,0,0,1,0,0,1,1,0,0,1,0,0,0,3,0,1,0,7,20.25,5
Comet EV Exclusive,1,0,0,1,1,1,0,1,1,0,1,0,0,0,1,0,1,10.25,1,1,1,1,0,0,0,0,1,0,0,4,0,1,0,1,0,0,1,0,0,0,0,0,0,0,0,0,0,0,0,1,1,1,0,0,1,0,0,0,0,0,0,0,0,0,0,1,0,0,1,1,0,0,1,0,0,1,3,1,1,0,8,20.25,5
BYD Atto 3 Dynamic,1,1,0,1,1,1,0,1,1,0,1,0,0,0,1,0,1,15.6,1,1,1,1,0,1,1,0,1,0,1,8,0,1,1,1,1,1,1,0,1,0,1,0,0,0,0,0,0,0,0,1,1,1,1,0,1,0,0,0,1,0,0,1,1,1,1,1,0,1,1,1,1,1,1,0,0,0,3,0,1,0,9,32.6,11
BYD Atto 3 Premium,1,1,0,1,1,1,0,1,1,0,1,0,0,0,1,0,1,15.6,1,1,1,1,0,1,1,0,1,0,1,8,0,1,1,1,1,1,1,0,1,0,1,1,0,0,0,0,0,0,1,1,1,1,1,1,1,0,0,0,1,0,0,1,1,1,1,1,0,1,1,1,1,1,1,0,0,1,3,0,1,0,9,32.6,12
BYD Atto 3 Superior,1,1,0,1,1,1,0,1,1,0,1,0,0,0,1,0,1,15.6,1,1,1,1,0,1,1,0,1,0,1,8,0,1,1,1,1,1,1,0,1,0,1,1,0,0,0,0,0,0,1,1,1,1,1,1,1,0,0,0,1,0,0,1,1,1,1,1,0,1,1,1,1,1,1,0,1,1,3,1,1,0,9,32.6,12
Fortuner 2.7 Petrol AT,0,0,0,0,0,0,0,0,0,0,0,0,0,0,1,0,1,9,1,0,1,0,0,0,0,0,0,0,0,8,0,0,1,1,0,0,1,0,1,0,1,0,0,0,1,0,0,0,1,0,1,1,1,0,0,0,0,0,1,0,0,0,1,0,0,1,1,1,1,1,1,1,1,0,0,0,0,0,0,0,1,20,9
Fortuner 2.8 Diesel MT,0,0,0,0,0,0,0,0,0,0,0,0,0,0,1,0,1,9,1,0,1,0,0,0,0,0,0,0,0,8,0,0,1,1,0,0,1,0,1,0,1,0,0,0,1,0,0,0,1,0,1,1,1,0,0,0,0,0,1,0,0,0,1,0,0,1,1,1,1,1,1,1,1,0,0,0,0,0,0,0,1,20,9
Fortuner Legender 4x4 AT,1,0,0,0,1,1,0,0,1,0,0,0,0,0,1,0,1,9,1,1,1,1,0,0,0,0,0,0,1,8,0,0,1,1,0,0,1,0,1,0,1,1,0,0,1,1,1,0,1,0,1,1,1,0,0,1,0,0,1,1,0,0,1,0,0,1,1,1,1,1,1,1,1,0,0,0,0,0,0,0,5,23,11
Compass Sport,0,0,0,0,0,0,0,0,0,0,0,0,0,0,1,0,1,10.25,1,1,1,1,0,0,0,0,0,0,0,6,0,0,1,1,0,0,1,0,1,0,1,0,0,0,0,0,0,0,0,0,1,1,1,0,1,0,0,0,1,0,0,0,0,1,0,1,0,1,1,1,0,0,1,0,0,0,0,0,0,0,1,21.25,7
Compass Longitude,1,0,0,0,1,1,1,0,1,0,1,0,0,0,1,0,1,10.25,1,1,1,1,0,0,1,0,1,0,0,6,0,1,1,1,0,0,1,0,1,0,1,1,0,0,0,0,0,0,1,1,1,1,1,0,1,1,1,1,1,0,0,0,0,1,0,1,0,1,1,1,1,1,1,0,0,0,0,0,0,0,7,23.25,12
Compass Model S 4x4,1,0,0,1,1,1,1,0,1,0,1,0,0,0,1,0,1,10.25,1,1,1,1,0,0,1,0,1,0,1,9,0,1,1,1,0,0,1,0,1,0,1,1,0,0,1,0,0,0,1,1,1,1,1,1,1,1,1,1,1,0,0,1,1,1,0,1,0,1,1,1,1,1,1,0,0,0,0,0,0,0,8,27.25,15
Meridian Longitude,1,0,0,0,1,1,0,0,1,0,1,0,0,0,1,0,1,10.25,1,1,1,1,0,0,1,0,1,0,1,9,0,1,1,1,0,0,1,0,1,1,1,1,0,0,0,0,0,0,1,1,1,1,1,1,1,0,0,0,1,0,0,1,1,1,0,1,0,1,1,1,1,1,1,0,0,0,0,0,0,0,6,27.25,12
Meridian Longitude S,1,0,0,1,1,1,0,0,1,0,1,0,0,0,1,0,1,10.25,1,1,1,1,0,0,1,0,1,0,1,9,0,1,1,1,0,0,1,0,1,1,1,1,0,0,1,0,1,0,1,1,1,1,1,1,1,1,1,1,1,1,0,1,1,1,1,1,0,1,1,1,1,1,1,0,0,0,0,0,0,0,7,27.25,16
Meridian Overland 4x4,1,0,0,1,1,1,0,0,1,0,1,0,0,0,1,0,1,10.25,1,1,1,1,0,0,1,0,1,0,1,9,0,1,1,1,0,0,1,0,1,1,1,1,0,0,1,0,1,0,1,1,1,1,1,1,1,1,1,1,1,1,0,1,1,1,1,1,0,1,1,1,1,1,1,0,0,0,0,0,0,0,7,27.25,16
Octavia Style,1,0,0,1,1,1,0,0,1,0,1,0,0,0,1,0,1,10,1,1,1,1,0,0,1,0,1,0,1,10,0,1,1,1,0,0,1,0,1,1,1,0,0,0,0,0,0,0,1,1,1,1,1,0,1,1,1,1,1,0,0,1,1,1,0,1,0,1,1,1,1,1,1,0,0,0,0,0,0,0,7,28,14
Octavia RS,1,0,0,1,1,1,0,0,1,0,1,0,0,0,1,0,1,10,1,1,1,1,0,0,1,0,1,0,1,12,0,1,1,1,0,0,1,0,1,1,1,1,0,0,1,0,0,0,1,1,1,1,1,1,1,1,1,1,1,0,0,1,1,1,0,1,0,1,1,1,1,1,1,0,0,0,0,0,0,0,7,30,15
Octavia RS Laurin & Klement,1,0,0,1,1,1,0,0,1,0,1,0,0,0,1,0,1,10,1,1,1,1,0,0,1,0,1,1,1,12,0,1,1,1,0,0,1,0,1,1,1,1,0,0,1,1,1,0,1,1,1,1,1,1,1,1,1,1,1,0,0,1,1,1,0,1,0,1,1,1,1,1,1,0,0,0,0,0,0,0,7,31,15
Superb L&K,1,1,0,1,1,1,1,1,1,1,1,1,0,0,1,0,1,12.9,1,1,1,1,0,0,1,0,1,1,1,12,0,1,1,1,1,1,1,0,1,1,1,1,0,1,1,1,1,0,1,1,1,1,1,1,1,1,1,1,1,1,0,1,1,1,1,1,0,1,0,1,1,1,1,0,0,0,0,0,0,0,12,33.9,16
Superb Sportline,1,1,0,1,1,1,1,1,1,1,1,1,0,0,1,0,1,12.9,1,1,1,1,0,0,1,0,1,1,1,12,0,1,1,1,1,1,1,0,1,1,1,1,0,1,1,1,1,0,1,1,1,1,1,1,1,1,1,1,1,1,0,1,1,1,1,1,0,1,0,1,1,1,1,0,0,0,0,0,0,0,12,33.9,16
Camry Hybrid,0,0,0,0,0,0,0,0,0,0,0,0,0,0,1,0,1,9,1,1,1,1,0,0,0,0,1,0,1,9,0,1,1,1,0,0,1,0,1,1,1,1,0,0,1,0,0,0,1,1,1,1,1,1,1,1,1,1,1,0,0,1,1,1,0,1,0,1,1,1,1,1,1,0,0,0,2,0,0,0,1,25,15
Camry Hybrid Premium,0,0,0,1,0,0,0,0,0,0,0,0,0,0,1,0,1,9,1,1,1,1,0,0,0,0,1,1,1,9,0,1,1,1,0,0,1,0,1,1,1,1,0,0,1,1,1,0,1,1,1,1,1,1,1,1,1,1,1,0,0,1,1,1,0,1,0,1,1,1,1,1,1,0,0,0,2,0,0,0,2,26,15
XC40 Core,1,1,0,1,1,1,0,1,1,0,1,0,1,0,1,0,1,9,1,1,1,1,0,1,1,0,1,0,0,8,0,1,1,1,1,1,1,0,1,0,1,0,0,1,0,0,0,0,0,1,1,1,1,1,1,1,1,1,1,0,0,1,1,0,1,1,0,1,0,1,1,1,1,0,0,0,0,0,0,0,10,25,15
XC40 Plus,1,1,0,1,1,1,0,1,1,1,1,1,1,0,1,0,1,9,1,1,1,1,0,1,1,0,1,0,1,13,0,1,1,1,1,1,1,0,1,0,1,1,0,1,1,0,0,0,1,1,1,1,1,1,1,1,1,1,1,0,0,1,1,0,1,1,0,1,0,1,1,1,1,0,0,0,0,0,0,0,12,31,15
XC40 Ultimate,1,1,0,1,1,1,0,1,1,1,1,1,1,0,1,0,1,9,1,1,1,1,0,1,1,0,1,1,1,13,0,1,1,1,1,1,1,0,1,0,1,1,0,1,1,1,1,1,1,1,1,1,1,1,1,1,1,1,1,0,0,1,1,0,1,1,0,1,0,1,1,1,1,0,0,0,0,0,0,0,12,32,15
XC60 B5 Core,1,1,0,1,1,1,0,1,1,0,1,0,1,0,1,0,1,9,1,1,1,1,0,1,1,0,1,0,0,8,0,1,1,1,1,1,1,0,1,1,1,0,0,1,1,0,0,0,1,1,1,1,1,1,1,1,1,1,1,0,0,1,1,0,1,1,0,1,0,1,1,1,1,0,0,0,0,0,0,0,10,25,15
XC60 B5 Ultimate,1,1,0,1,1,1,0,1,1,0,1,0,1,0,1,0,1,9,1,1,1,1,0,1,1,0,1,1,1,13,0,1,1,1,1,1,1,0,1,1,1,1,0,1,1,1,1,1,1,1,1,1,1,1,1,1,1,1,1,0,0,1,1,0,1,1,0,1,0,1,1,1,1,0,0,0,0,0,0,0,10,32,15
3 Series 320i,1,1,0,1,1,1,0,1,1,0,1,0,0,0,1,1,1,10.25,1,1,1,1,0,1,1,0,1,0,0,6,0,1,1,1,1,1,1,0,1,1,1,0,0,0,1,0,0,0,1,1,1,1,1,1,1,1,1,1,1,0,0,1,1,1,0,1,0,0,0,1,0,1,1,0,0,0,0,0,0,0,10,24.25,14
3 Series 330Li,1,1,0,1,1,1,0,1,1,0,1,0,0,0,1,1,1,10.25,1,1,1,1,0,1,1,0,1,1,1,12,0,1,1,1,1,1,1,0,1,1,1,1,0,0,1,0,0,0,1,1,1,1,1,1,1,1,1,1,1,0,0,1,1,1,0,1,0,0,0,1,1,1,1,0,0,0,0,0,0,0,10,32.25,15
3 Series M340i,1,1,0,1,1,1,0,1,1,0,1,0,0,0,1,1,1,10.25,1,1,1,1,0,1,1,0,1,1,1,12,0,1,1,1,1,1,1,0,1,1,1,1,0,1,1,1,1,0,1,1,1,1,1,1,1,1,1,1,1,0,0,1,1,1,0,1,0,0,0,1,1,1,1,0,0,0,0,0,0,0,10,32.25,15
5 Series 530Li,1,1,0,1,1,1,0,1,1,0,1,0,0,0,1,1,1,14.9,1,1,1,1,0,1,1,0,1,1,1,12,0,1,1,1,1,1,1,0,1,1,1,1,0,0,1,1,1,0,1,1,1,1,1,1,1,1,1,1,1,0,0,1,1,1,1,1,0,0,0,1,1,1,1,0,0,0,0,0,0,1,10,36.9,15
5 Series 540Li xDrive,1,1,0,1,1,1,0,1,1,0,1,0,0,0,1,1,1,14.9,1,1,1,1,0,1,1,0,1,1,1,12,0,1,1,1,1,1,1,0,1,1,1,1,0,1,1,1,1,1,1,1,1,1,1,1,1,1,1,1,1,0,0,1,1,1,1,1,0,0,0,1,1,1,1,1,0,0,0,0,0,1,10,36.9,16
X1 sDrive18i,1,1,0,1,1,1,0,1,1,0,1,0,0,0,1,1,1,10.25,1,1,1,1,0,1,1,0,1,0,0,6,0,1,1,1,1,1,1,0,1,1,1,0,0,0,1,0,0,0,1,1,1,1,1,1,1,1,1,1,1,0,0,1,1,1,0,1,1,0,0,1,0,1,1,0,0,0,0,0,0,0,10,24.25,14
X1 xDrive20i,1,1,0,1,1,1,0,1,1,0,1,0,0,0,1,1,1,10.25,1,1,1,1,0,1,1,0,1,0,1,12,0,1,1,1,1,1,1,0,1,1,1,1,0,0,1,0,0,0,1,1,1,1,1,1,1,1,1,1,1,0,0,1,1,1,1,1,1,0,0,1,1,1,1,0,0,0,0,0,0,0,10,31.25,15
X7 xDrive40i,1,1,0,1,1,1,0,1,1,0,1,0,0,0,1,1,1,14.9,1,1,1,1,0,1,1,0,1,1,1,16,0,1,1,1,1,1,1,1,1,1,1,1,0,1,1,1,1,1,1,1,1,1,1,1,1,1,1,1,1,1,1,1,1,0,1,1,1,0,0,1,1,1,1,0,0,0,0,0,0,1,10,40.9,17
X7 M60i,1,1,0,1,1,1,0,1,1,0,1,0,0,0,1,1,1,14.9,1,1,1,1,0,1,1,0,1,1,1,16,0,1,1,1,1,1,1,1,1,1,1,1,0,1,1,1,1,1,1,1,1,1,1,1,1,1,1,1,1,1,1,1,1,0,1,1,1,0,0,1,1,1,1,1,0,0,0,0,0,1,10,40.9,18
C-Class C200,1,1,0,1,1,1,0,1,1,0,1,0,1,0,1,1,1,11.9,1,1,1,1,0,1,1,1,1,0,0,9,0,1,1,1,1,1,1,0,1,1,1,1,0,1,1,1,1,0,1,1,1,1,1,1,1,1,1,1,1,0,0,1,1,1,1,1,0,0,0,1,1,1,1,0,0,0,0,0,0,0,11,29.9,15
C-Class C220d,1,1,0,1,1,1,0,1,1,0,1,0,1,0,1,1,1,11.9,1,1,1,1,0,1,1,1,1,0,0,9,0,1,1,1,1,1,1,0,1,1,1,1,0,1,1,1,1,0,1,1,1,1,1,1,1,1,1,1,1,0,0,1,1,1,1,1,0,0,0,1,1,1,1,0,0,0,0,0,0,0,11,29.9,15
C-Class AMG C43,1,1,0,1,1,1,0,1,1,0,1,0,1,0,1,1,1,11.9,1,1,1,1,0,1,1,1,1,1,1,15,0,1,1,1,1,1,1,0,1,1,1,1,0,1,1,1,1,0,1,1,1,1,1,1,1,1,1,1,1,0,0,1,1,1,1,1,0,0,0,1,1,1,1,0,0,0,0,0,0,0,11,37.9,15
E-Class E200,1,1,0,1,1,1,0,1,1,0,1,0,1,0,1,1,1,14.4,1,1,1,1,0,1,1,1,1,1,0,9,1,1,1,1,1,1,1,0,1,1,1,1,0,1,1,1,1,0,1,1,1,1,1,1,1,1,1,1,1,0,0,1,1,1,1,1,0,0,0,1,1,1,1,0,0,0,0,0,0,1,11,34.4,15
E-Class E220d,1,1,0,1,1,1,0,1,1,0,1,0,1,0,1,1,1,14.4,1,1,1,1,0,1,1,1,1,1,0,9,1,1,1,1,1,1,1,0,1,1,1,1,0,1,1,1,1,0,1,1,1,1,1,1,1,1,1,1,1,0,0,1,1,1,1,1,0,0,0,1,1,1,1,0,0,0,0,0,0,1,11,34.4,15
E-Class E450,1,1,0,1,1,1,0,1,1,0,1,0,1,0,1,1,1,14.4,1,1,1,1,0,1,1,1,1,1,1,15,1,1,1,1,1,1,1,0,1,1,1,1,0,1,1,1,1,1,1,1,1,1,1,1,1,1,1,1,1,0,0,1,1,1,1,1,0,0,0,1,1,1,1,0,0,0,0,0,0,1,11,41.4,15
GLC 200,1,1,0,1,1,1,0,1,1,0,1,0,1,0,1,1,1,11.9,1,1,1,1,0,1,1,1,1,0,0,9,0,1,1,1,1,1,1,0,1,1,1,1,0,1,1,1,1,0,1,1,1,1,1,1,1,1,1,1,1,1,0,1,1,1,1,1,1,0,0,1,1,1,1,0,0,0,0,0,0,0,11,29.9,16
GLC 300d 4MATIC,1,1,0,1,1,1,0,1,1,0,1,0,1,0,1,1,1,11.9,1,1,1,1,0,1,1,1,1,0,1,15,0,1,1,1,1,1,1,0,1,1,1,1,0,1,1,1,1,0,1,1,1,1,1,1,1,1,1,1,1,1,0,1,1,1,1,1,1,0,0,1,1,1,1,0,0,0,0,0,0,0,11,36.9,16
GLS 450d 4MATIC,1,1,0,1,1,1,0,1,1,0,1,0,1,0,1,1,1,12.8,1,1,1,1,0,1,1,1,1,1,1,15,1,1,1,1,1,1,1,1,1,1,1,1,0,1,1,1,1,0,1,1,1,1,1,1,1,1,1,1,1,1,1,1,1,1,1,1,1,0,0,1,1,1,1,0,0,0,0,0,0,0,11,39.8,17
GLS 600 Maybach,1,1,0,1,1,1,0,1,1,0,1,0,1,0,1,1,1,12.8,1,1,1,1,0,1,1,1,1,1,1,23,1,1,1,1,1,1,1,1,1,1,1,1,1,1,1,1,1,1,1,1,1,1,1,1,1,1,1,1,1,1,1,1,1,1,1,1,1,0,0,1,1,1,1,0,0,0,0,0,0,1,11,47.8,17
Q3 Premium,1,1,0,1,1,1,0,1,1,0,1,0,0,0,1,1,1,10.1,1,1,1,1,0,1,1,0,1,0,0,8,0,1,1,1,1,1,1,0,1,1,1,0,0,0,0,0,0,0,1,1,1,1,1,1,1,1,1,1,1,0,0,1,1,1,0,1,0,0,0,1,0,1,1,0,0,0,0,0,0,0,10,26.1,14
Q3 Premium Plus,1,1,0,1,1,1,0,1,1,0,1,0,0,0,1,1,1,10.1,1,1,1,1,0,1,1,0,1,0,1,12,0,1,1,1,1,1,1,0,1,1,1,1,0,0,1,0,0,0,1,1,1,1,1,1,1,1,1,1,1,0,0,1,1,1,1,1,0,0,0,1,1,1,1,0,0,0,0,0,0,0,10,31.1,15
Q3 Technology,1,1,0,1,1,1,0,1,1,0,1,0,0,0,1,1,1,10.1,1,1,1,1,0,1,1,0,1,1,1,12,0,1,1,1,1,1,1,0,1,1,1,1,0,0,1,1,1,0,1,1,1,1,1,1,1,1,1,1,1,0,0,1,1,1,1,1,0,0,0,1,1,1,1,0,0,0,0,0,0,0,10,32.1,15
Q7 Premium Plus,1,1,0,1,1,1,0,1,1,0,1,0,0,0,1,1,1,10.1,1,1,1,1,0,1,1,0,1,1,1,16,1,1,1,1,1,1,1,0,1,1,1,1,0,0,1,1,1,1,1,1,1,1,1,1,1,1,1,1,1,1,0,1,1,1,1,1,1,0,0,1,1,1,1,0,0,0,0,0,0,0,10,37.1,16
Q7 Technology,1,1,0,1,1,1,0,1,1,0,1,0,0,0,1,1,1,10.1,1,1,1,1,0,1,1,0,1,1,1,16,1,1,1,1,1,1,1,0,1,1,1,1,0,1,1,1,1,1,1,1,1,1,1,1,1,1,1,1,1,1,0,1,1,1,1,1,1,0,0,1,1,1,1,0,0,0,0,0,0,1,10,37.1,16
Q8 Premium Plus,1,1,0,1,1,1,0,1,1,0,1,0,0,0,1,1,1,10.1,1,1,1,1,0,1,1,0,1,1,1,16,1,1,1,1,1,1,1,0,1,1,1,1,0,0,1,1,1,1,1,1,1,1,1,1,1,1,1,1,1,1,0,1,1,1,1,1,1,0,0,1,1,1,1,0,0,0,0,0,0,1,10,37.1,16
Q8 Technology,1,1,0,1,1,1,0,1,1,0,1,0,0,0,1,1,1,10.1,1,1,1,1,0,1,1,0,1,1,1,16,1,1,1,1,1,1,1,0,1,1,1,1,0,1,1,1,1,1,1,1,1,1,1,1,1,1,1,1,1,1,0,1,1,1,1,1,1,0,0,1,1,1,1,1,0,0,0,0,0,1,10,37.1,17
Defender 90 S,1,1,0,1,1,1,0,1,1,1,1,1,0,0,1,1,1,11.4,1,1,1,1,0,1,1,0,1,0,0,10,0,1,1,1,1,1,1,1,1,1,1,0,0,0,0,0,0,0,1,1,1,1,1,1,1,1,1,1,1,0,0,1,1,0,0,1,1,0,0,1,1,1,1,0,0,0,0,0,0,0,12,29.4,15
Defender 110 X-Dynamic,1,1,0,1,1,1,0,1,1,1,1,1,0,0,1,1,1,11.4,1,1,1,1,0,1,1,0,1,1,1,14,0,1,1,1,1,1,1,1,1,1,1,1,0,1,1,1,0,0,1,1,1,1,1,1,1,1,1,1,1,1,1,1,1,0,1,1,1,0,0,1,1,1,1,0,0,0,0,0,0,0,12,35.4,17
Defender 130 X,1,1,0,1,1,1,0,1,1,1,1,1,0,0,1,1,1,11.4,1,1,1,1,0,1,1,0,1,1,1,14,0,1,1,1,1,1,1,1,1,1,1,1,0,1,1,1,1,0,1,1,1,1,1,1,1,1,1,1,1,1,1,1,1,0,1,1,1,0,0,1,1,1,1,0,0,0,0,0,0,0,12,35.4,17
Discovery S 3.0D,1,1,0,1,1,1,0,1,1,1,1,1,0,0,1,1,1,11.4,1,1,1,1,0,1,1,0,1,0,0,10,0,1,1,1,1,1,1,1,1,1,1,0,0,0,0,0,0,0,1,1,1,1,1,1,1,1,1,1,1,1,0,1,1,0,0,1,1,0,0,1,1,1,1,0,0,0,0,0,0,0,12,29.4,16
Discovery HSE R-Dynamic,1,1,0,1,1,1,0,1,1,1,1,1,0,0,1,1,1,11.4,1,1,1,1,0,1,1,0,1,1,1,14,0,1,1,1,1,1,1,1,1,1,1,1,0,1,1,1,1,0,1,1,1,1,1,1,1,1,1,1,1,1,0,1,1,0,1,1,1,0,0,1,1,1,1,0,0,0,0,0,0,0,12,35.4,16
Macan Base,1,1,0,1,1,1,0,1,1,1,1,1,1,0,1,1,1,12.3,1,1,1,1,0,1,1,1,1,0,0,10,0,1,0,1,1,1,1,0,1,1,1,0,0,0,0,0,0,0,1,1,1,1,1,1,1,1,1,1,1,1,0,1,1,1,0,1,0,0,0,1,1,1,1,0,0,0,0,0,0,0,13,31.3,16
Macan T,1,1,0,1,1,1,0,1,1,1,1,1,1,0,1,1,1,12.3,1,1,1,1,0,1,1,1,1,1,1,14,0,1,0,1,1,1,1,0,1,1,1,1,0,0,1,0,0,0,1,1,1,1,1,1,1,1,1,1,1,1,0,1,1,1,1,1,0,0,0,1,1,1,1,0,0,0,0,0,0,0,13,37.3,16
Macan Turbo,1,1,0,1,1,1,0,1,1,1,1,1,1,0,1,1,1,12.3,1,1,1,1,0,1,1,1,1,1,1,18,0,1,0,1,1,1,1,0,1,1,1,1,0,1,1,1,1,1,1,1,1,1,1,1,1,1,1,1,1,1,0,1,1,1,1,1,0,0,0,1,1,1,1,0,0,0,0,0,0,0,13,41.3,16
LM350h Premium,1,1,0,1,1,1,0,1,1,0,1,0,0,0,1,1,1,9.8,1,0,1,0,0,1,1,0,1,1,1,17,1,1,1,1,1,1,1,1,1,1,1,1,0,1,1,1,1,1,1,1,1,1,1,1,1,1,1,1,1,1,0,1,1,1,1,1,0,0,0,1,1,1,1,0,0,0,2,0,0,0,10,35.8,16
LM500h Ultra Luxury,1,1,0,1,1,1,0,1,1,0,1,0,0,0,1,1,1,9.8,1,0,1,0,0,1,1,0,1,1,1,23,1,1,1,1,1,1,1,1,1,1,1,1,1,1,1,1,1,1,1,1,1,1,1,1,1,1,1,1,1,1,0,1,1,1,1,1,0,0,0,1,1,1,1,0,0,0,2,0,0,0,10,41.8,16
Vellfire Z,1,0,0,0,1,1,0,0,1,0,1,0,0,0,1,0,1,9,1,0,1,1,0,0,0,0,1,0,1,10,1,1,1,1,0,1,1,0,1,1,1,0,0,1,1,1,1,0,1,1,1,1,1,1,1,1,1,1,1,1,0,1,1,1,1,1,0,0,0,1,1,1,1,0,0,0,0,0,0,0,6,26,16
Vellfire Elegant Lounge,1,0,0,1,1,1,0,0,1,0,1,0,0,0,1,0,1,9,1,0,1,1,0,0,0,0,1,0,1,10,1,1,1,1,0,1,1,0,1,1,1,1,0,1,1,1,1,1,1,1,1,1,1,1,1,1,1,1,1,1,1,1,1,1,1,1,0,0,0,1,1,1,1,0,0,0,0,0,0,0,7,26,17
Gloster Shine,1,1,0,0,1,1,0,0,1,0,1,1,0,0,1,0,1,12.3,1,1,1,1,0,1,1,1,1,0,0,8,0,1,1,1,0,1,1,0,1,1,1,1,0,0,1,0,0,0,1,1,1,1,1,1,1,1,1,1,1,1,0,1,1,1,1,1,1,1,0,1,1,1,1,0,0,0,0,0,0,0,8,29.3,16
Gloster Savvy,1,1,0,1,1,1,0,0,1,0,1,1,0,0,1,0,1,12.3,1,1,1,1,0,1,1,1,1,1,1,12,0,1,1,1,0,1,1,0,1,1,1,1,0,1,1,1,1,1,1,1,1,1,1,1,1,1,1,1,1,1,0,1,1,1,1,1,1,1,0,1,1,1,1,0,0,0,0,0,0,0,9,35.3,16
EV6 Air RWD,1,1,0,1,1,1,0,1,1,1,1,1,0,0,1,1,1,12.3,1,1,1,1,0,0,1,0,1,0,0,6,0,1,0,1,1,1,1,0,1,1,1,1,0,1,0,0,0,0,1,1,1,1,1,1,1,1,1,1,1,1,0,1,1,1,1,1,0,0,0,1,0,1,1,0,1,1,3,1,1,0,12,25.3,15
EV6 GT-Line AWD,1,1,0,1,1,1,0,1,1,1,1,1,0,0,1,1,1,12.3,1,1,1,1,0,0,1,0,1,1,1,12,0,1,0,1,1,1,1,0,1,1,1,1,0,1,1,0,1,0,1,1,1,1,1,1,1,1,1,1,1,1,0,1,1,1,1,1,0,0,0,1,1,1,1,0,1,1,3,1,1,0,12,33.3,16
Ioniq 5 RWD Standard,1,1,0,1,1,1,0,1,1,1,1,1,0,0,1,1,1,12,1,1,1,1,0,0,1,0,1,0,0,6,0,1,0,1,1,1,1,0,1,1,1,1,0,1,0,0,0,0,1,1,1,1,1,1,1,1,1,1,1,1,0,1,1,1,1,1,0,0,0,1,0,1,1,0,1,1,3,1,1,0,12,25,15
Ioniq 5 AWD Long Range,1,1,0,1,1,1,0,1,1,1,1,1,0,0,1,1,1,12,1,1,1,1,0,0,1,0,1,1,1,12,0,1,0,1,1,1,1,0,1,1,1,1,0,1,1,0,1,0,1,1,1,1,1,1,1,1,1,1,1,1,0,1,1,1,1,1,0,0,0,1,1,1,1,0,1,1,3,1,1,0,12,33,16
Tucson Platinum,1,0,0,0,1,1,1,1,1,1,1,1,0,0,1,0,1,10.25,1,1,1,1,0,0,0,0,1,0,1,8,0,1,1,1,0,0,1,0,1,1,1,1,0,0,1,0,0,0,1,1,1,1,1,1,1,1,1,1,1,1,0,1,1,1,1,1,0,1,0,1,1,1,1,0,0,0,0,0,0,0,10,25.25,16
Tucson Signature,1,0,0,1,1,1,1,1,1,1,1,1,0,0,1,0,1,10.25,1,1,1,1,0,0,0,0,1,1,1,8,0,1,1,1,0,0,1,0,1,1,1,1,0,1,1,1,1,0,1,1,1,1,1,1,1,1,1,1,1,1,0,1,1,1,1,1,0,1,0,1,1,1,1,0,0,0,0,0,0,0,11,26.25,16
XUV700 AX3 Diesel MT,1,0,0,0,1,1,1,0,1,0,1,0,0,0,1,0,1,10.25,1,1,1,1,0,1,1,1,1,0,0,7,0,0,1,1,0,0,1,0,1,1,1,0,0,0,0,0,0,0,0,0,1,1,1,0,1,0,0,0,0,0,0,1,1,1,0,1,0,1,1,1,1,1,1,0,0,0,0,0,0,0,7,26.25,10
XUV700 AX5 Diesel MT,1,0,0,1,1,1,1,0,1,0,1,0,0,0,1,0,1,10.25,1,1,1,1,0,1,1,1,1,0,1,7,0,1,1,1,0,0,1,0,1,1,1,1,0,0,0,0,0,0,1,1,1,1,1,1,1,0,0,0,0,0,0,1,1,1,1,1,0,1,1,1,1,1,1,0,0,0,0,0,0,0,8,27.25,11
XUV700 AX7 AWD AT,1,0,0,1,1,1,1,0,1,0,1,0,0,0,1,0,1,10.25,1,1,1,1,0,1,1,1,1,1,1,12,0,1,1,1,0,0,1,0,1,1,1,1,0,0,1,1,1,0,1,1,1,1,1,1,1,1,1,1,0,0,0,1,1,1,1,1,0,1,1,1,1,1,1,1,0,0,0,0,0,0,8,33.25,15
BE 6 Base,1,1,0,1,1,1,0,1,1,1,1,1,0,0,1,1,1,12.3,1,1,1,1,0,0,1,0,1,0,0,6,0,0,1,1,1,1,1,0,1,0,1,0,0,0,0,0,0,0,0,0,1,1,1,1,1,0,0,0,1,0,0,1,1,1,0,1,0,0,1,1,0,1,1,0,1,1,3,1,1,0,12,25.3,11
BE 6 Pack Three,1,1,0,1,1,1,0,1,1,1,1,1,0,0,1,1,1,12.3,1,1,1,1,0,1,1,1,1,1,1,16,0,1,1,1,1,1,1,0,1,0,1,1,0,0,1,0,0,0,1,1,1,1,1,1,1,0,0,0,1,0,0,1,1,1,1,1,0,0,1,1,1,1,1,0,1,1,3,1,1,0,12,39.3,12
XEV 9e Base,1,1,0,1,1,1,0,1,1,1,1,1,0,0,1,1,1,12.3,1,1,1,1,0,0,1,0,1,0,0,6,0,0,1,1,1,1,1,0,1,0,1,0,0,0,0,0,0,0,0,0,1,1,1,1,1,0,0,0,1,0,0,1,1,1,0,1,0,0,1,1,0,1,1,0,1,1,3,1,1,0,12,25.3,11
XEV 9e Pack Three,1,1,0,1,1,1,0,1,1,1,1,1,0,0,1,1,1,12.3,1,1,1,1,0,1,1,1,1,1,1,16,0,1,1,1,1,1,1,0,1,0,1,1,0,0,1,0,0,0,1,1,1,1,1,1,1,0,0,0,1,0,0,1,1,1,1,1,0,0,1,1,1,1,1,0,1,1,3,1,1,0,12,39.3,12
